"subjID","A","alpha","beta","gamma","tau","nLL"
27,0,0,0.461771951034592,1.03095846550213,9.87584766954343,231.388579809461
