"subjID","A","alpha","beta","gamma","tau","nLL"
99,1,0,0.861316357460608,0.236184140595121,1.04763384692197,173.367604542379
