"subjID","A","alpha","beta","gamma","tau","nLL"
55,1,0,0.207876498648717,1.83983089527482,3.56464559764511,77.1723003590527
