"subjID","A","alpha","beta","gamma","tau","nLL"
85,1,0,0.245609571088487,0.691739862415874,2.45610856147598,183.857658642556
