"subjID","A","alpha","beta","gamma","tau","nLL"
11,0,0,0.00673795020901864,0.944744486843897,6.32951475188308,201.51546164391
