"subjID","A","alpha","beta","gamma","tau","nLL"
78,1,0,0.499498320422112,0.872370686281078,3.75298413379532,217.09190692132
