"subjID","A","alpha","beta","gamma","tau","nLL"
68,1,0,0.443145029385822,0.637778641225428,2.4001704122396,160.708745170272
