"subjID","A","alpha","beta","gamma","tau","nLL"
6,0,0,0.107841640485034,0.865886471749832,2.21791567407515,90.3313479935988
