"subjID","A","alpha","beta","gamma","tau","nLL"
49,0,0,0.313883653173333,1.02065788545021,6.95725331634652,215.892967691668
