"subjID","A","alpha","beta","gamma","tau","nLL"
80,1,0,2.35342266929716,1.18836581010568,54.598149923087,280.393198479274
