"subjID","A","alpha","beta","gamma","tau","nLL"
8,0,0,0.0964196847492263,0.96289446693834,8.27633438032943,232.660809185252
