"subjID","A","alpha","beta","gamma","tau","nLL"
61,1,0,0.351326012118394,1.06677741922154,5.04867944174658,180.873245142175
