"subjID","A","alpha","beta","gamma","tau","nLL"
72,1,0,0.356862560740583,0.625753514445664,2.21886917539507,161.720988587769
