"subjID","A","alpha","beta","gamma","tau","nLL"
4,0,0,0.0511148237653166,1.2613138118159,7.3993204194093,175.915507252725
