"subjID","A","alpha","beta","gamma","tau","nLL"
89,1,0,0.216966428102242,1.64885703407206,4.55736165147985,130.709543402043
