"subjID","A","alpha","beta","gamma","tau","nLL"
75,1,0,0.30908332208146,1.05437427274087,3.73874933983426,150.684883651166
