"subjID","A","alpha","beta","gamma","tau","nLL"
2,0,0,0.328513008192466,0.813462337145735,6.7867794127535,228.526209590014
