"subjID","A","alpha","beta","gamma","tau","nLL"
14,0,0,0.244118033111093,0.680996149265448,6.46457771292092,237.36901014754
