"subjID","A","alpha","beta","gamma","tau","nLL"
103,1,0,0.225275780489553,0.244609872298881,0.349300337669359,122.07727203519
