"subjID","A","alpha","beta","gamma","tau","nLL"
91,1,0,0.00673795195618508,0.846588034332687,2.54391296345698,117.272090899329
