"subjID","A","alpha","beta","gamma","tau","nLL"
3,0,0,0.00673795273627973,2.95471650113857,54.5981325089334,246.395183033076
