"subjID","A","alpha","beta","gamma","tau","nLL"
60,1,0,0.234617412160346,1.54525467062735,6.15404269994632,153.63438740635
