"subjID","A","alpha","beta","gamma","tau","nLL"
96,1,0,2.71447041222157,1.64227815690712,54.5981497876876,266.573282691413
