"subjID","A","alpha","beta","gamma","tau","nLL"
87,1,0,0.480756225820953,0.842241454413226,3.71903219174929,197.651014358544
