"subjID","A","alpha","beta","gamma","tau","nLL"
95,1,0,0.0067380786036361,1.35364274768024,6.8949785962385,169.557022519416
