"subjID","A","alpha","beta","gamma","tau","nLL"
84,1,0,0.287568443979781,1.68411600703865,9.61834881118243,213.138455444863
