"subjID","A","alpha","beta","gamma","tau","nLL"
92,1,0,0.460758947778193,0.372584770903913,3.27496591019806,222.115566929544
