"subjID","A","alpha","beta","gamma","tau","nLL"
31,0,0,0.30573606479457,1.3388644589136,9.33789255788145,232.397719811073
