"subjID","A","alpha","beta","gamma","tau","nLL"
90,1,0,0.314743924469295,0.720791138429846,3.7572993826065,191.695262438101
