"subjID","A","alpha","beta","gamma","tau","nLL"
37,0,0,0.224232899723487,1.19704818760924,6.62443589354518,189.743660808812
