"subjID","A","alpha","beta","gamma","tau","nLL"
30,0,0,0.00673794757496078,0.960357146837009,6.69618106031022,195.569756778174
