"subjID","A","alpha","beta","gamma","tau","nLL"
74,1,0,0.347863400527109,0.919519533659044,2.87653830645137,144.308902576324
