"subjID","A","alpha","beta","gamma","tau","nLL"
7,0,0,0.968787219065531,1.24370069134745,14.0722538513702,234.687669659545
