"subjID","A","alpha","beta","gamma","tau","nLL"
22,0,0,0.211763483401333,1.07855305643044,9.4517409389479,246.171016989871
