"subjID","A","alpha","beta","gamma","tau","nLL"
97,1,0,0.21464895186902,0.756371233153898,2.80504270256985,193.245624907255
