"subjID","A","alpha","beta","gamma","tau","nLL"
5,0,0,0.046718474699427,1.22848391419402,5.67956238528759,158.457279305224
