"subjID","A","alpha","beta","gamma","tau","nLL"
46,0,0,3.95028428309203,1.39491658527722,54.5981499856923,256.427344398243
