"subjID","A","alpha","beta","gamma","tau","nLL"
9,0,0,0.135906921611278,1.2135047018679,5.2870459441567,142.809223306631
