"subjID","A","alpha","beta","gamma","tau","nLL"
51,1,0,0.432685167182903,0.737190858212495,2.53525001180591,184.286776403751
