"subjID","A","alpha","beta","gamma","tau","nLL"
32,0,0,0.302619950569131,1.13004876971753,6.63010058064329,215.736705956682
