"subjID","A","alpha","beta","gamma","tau","nLL"
81,1,0,0.391170239854307,0.699475559158691,2.49830834541036,158.652296402273
