"subjID","A","alpha","beta","gamma","tau","nLL"
12,0,0,0.264702393737535,1.57316876707055,16.891086280775,244.403707981457
