"subjID","A","alpha","beta","gamma","tau","nLL"
58,1,0,0.00673795231413446,0.918534300458409,5.88120333796235,175.362819745923
