"subjID","A","alpha","beta","gamma","tau","nLL"
48,0,0,0.648066924805485,1.04778743482163,10.7593368138403,233.283761180692
