"subjID","A","alpha","beta","gamma","tau","nLL"
44,0,0,0.459243953428631,1.09539089279325,5.97632977864535,189.333296547648
