"subjID","A","alpha","beta","gamma","tau","nLL"
45,0,0,0.113241356741547,1.66642222109173,9.86672984973861,154.914330149021
