"subjID","A","alpha","beta","gamma","tau","nLL"
47,0,0,0.00673794935756495,1.38445938848867,12.1073538828875,212.699152390133
