"subjID","A","alpha","beta","gamma","tau","nLL"
64,1,0,0.110807516719649,0.916488853313136,4.32569385737137,174.60605869078
