"subjID","A","alpha","beta","gamma","tau","nLL"
54,1,0,0.00673794866610905,0.873046292066545,4.73597773722136,188.468087966756
