"subjID","A","alpha","beta","gamma","tau","nLL"
101,1,0,0.648238621686918,1.63718858367715,54.5981498675983,282.971592139272
