"subjID","A","alpha","beta","gamma","tau","nLL"
70,1,0,0.74552064780556,0.260343749446626,1.53181072611154,184.267798170543
