"subjID","A","alpha","beta","gamma","tau","nLL"
1,0,0,0.00673795597277601,1.18853965618306,11.853584869073,228.380225983634
