"subjID","A","alpha","beta","gamma","tau","nLL"
25,0,0,0.439514854222883,0.546897768312903,4.92207421046583,202.592173862409
