"subjID","A","alpha","beta","gamma","tau","nLL"
94,1,0,0.234504026643233,1.24058996538359,14.2791015947088,254.573637210804
