"subjID","A","alpha","beta","gamma","tau","nLL"
26,0,0,0.00673794830105368,0.780604296838943,7.91757222190075,238.870445612392
