"subjID","A","alpha","beta","gamma","tau","nLL"
41,0,0,0.0772580994482003,1.09852347453771,4.96650284539508,139.524286348902
