"subjID","A","alpha","beta","gamma","tau","nLL"
107,1,0,0.197830310785216,0.862231664952217,7.46884225292006,236.51660477741
