"subjID","A","alpha","beta","gamma","tau","nLL"
98,1,0,0.0067380105778465,1.26030571328372,8.29149981883207,184.112456948669
