"subjID","A","alpha","beta","gamma","tau","nLL"
38,0,0,0.322612472822899,1.16301848539637,9.63148958250891,226.366535070996
