"subjID","A","alpha","beta","gamma","tau","nLL"
36,0,0,1.40745775787361,1.4239745081776,15.5744151340919,228.163439361263
