"subjID","A","alpha","beta","gamma","tau","nLL"
43,0,0,0.00673794742784569,0.99694631052561,10.6567122041704,226.619208368482
