"subjID","A","alpha","beta","gamma","tau","nLL"
88,1,0,0.00673795039847481,0.773259207570484,2.40563039255862,132.843047097363
