"subjID","A","alpha","beta","gamma","tau","nLL"
18,0,0,0.253625780114746,1.11731751777002,12.0736287875124,246.927355698721
