"subjID","A","alpha","beta","gamma","tau","nLL"
42,0,0,0.185861768518429,1.23848711322064,16.7410418412295,265.038840238768
