"subjID","A","alpha","beta","gamma","tau","nLL"
57,1,0,0.455579300318966,0.906939298588977,3.41749930027154,174.099376327723
