"subjID","A","alpha","beta","gamma","tau","nLL"
105,1,0,0.131322939658782,0.709683627075741,3.61767810828248,185.04460560722
