"subjID","A","alpha","beta","gamma","tau","nLL"
102,1,0,0.00673795819849722,0.715620164986698,8.31069382439272,254.868236227848
