"subjID","A","alpha","beta","gamma","tau","nLL"
16,0,0,0.299087271660423,0.94203691659685,5.88223506206454,188.96867905249
