"subjID","A","alpha","beta","gamma","tau","nLL"
28,0,0,0.024795876264308,1.00724578840463,8.39682550423099,226.771819184594
