"subjID","A","alpha","beta","gamma","tau","nLL"
79,1,0,0.128880604467156,0.357909391412492,0.477183343086028,90.1247068977462
