"subjID","A","alpha","beta","gamma","tau","nLL"
106,1,0,0.20728786586049,0.914000451617569,4.80919501418064,168.920859239874
