"subjID","A","alpha","beta","gamma","tau","nLL"
83,1,0,0.00673795129367942,0.727763487778447,11.346020005398,260.632322475231
