"subjID","A","alpha","beta","gamma","tau","nLL"
93,1,0,0.326032202680367,0.643507722676229,2.58870678446985,169.666731267907
