"subjID","A","alpha","beta","gamma","tau","nLL"
50,0,0,0.406809685747766,0.66083990692376,4.27706451800509,186.36614922126
