"subjID","A","alpha","beta","gamma","tau","nLL"
10,0,0,0.988106281668077,1.11834387546109,12.9054104809666,231.603683820688
