"subjID","A","alpha","beta","gamma","tau","nLL"
17,0,0,0.00673794744715536,1.09814105592001,7.34451780803038,188.057996088725
