"subjID","A","alpha","beta","gamma","tau","nLL"
15,0,0,0.192271471028793,0.946628724027203,5.24853885592103,185.974596984709
