"subjID","A","alpha","beta","gamma","tau","nLL"
39,0,0,0.290951885345354,1.0218018976142,5.41845160311074,176.604085894145
