"subjID","A","alpha","beta","gamma","tau","nLL"
33,0,0,0.695609140907145,1.52493969840243,8.60059188765808,217.424929443954
