"subjID","A","alpha","beta","gamma","tau","nLL"
67,1,0,0.382215440929097,0.557866512247495,2.22183843753738,174.835928856133
