"subjID","A","alpha","beta","gamma","tau","nLL"
23,0,0,0.163409753199737,1.31399660349479,9.52190336872443,182.63700952398
