"subjID","A","alpha","beta","gamma","tau","nLL"
29,0,0,0.178285092183186,1.15171049086783,7.48115672046721,182.600061381995
