"subjID","A","alpha","beta","gamma","tau","nLL"
100,1,0,2.32182976885679,2.38284047198923,54.598138380879,253.475413868311
