"subjID","A","alpha","beta","gamma","tau","nLL"
52,1,0,0.14095104139855,0.991015314239629,1.79735863162853,130.329922867252
