"subjID","A","alpha","beta","gamma","tau","nLL"
56,1,0,0.150132489533536,0.719908877754119,3.28730487034669,169.260409962575
