"subjID","A","alpha","beta","gamma","tau","nLL"
40,0,0,0.965517598813386,1.19962758284531,21.6402469278668,267.380634180065
