"subjID","A","alpha","beta","gamma","tau","nLL"
77,1,0,0.211560586147872,1.52180365100235,17.6684515838658,241.373825626374
