"subjID","A","alpha","beta","gamma","tau","nLL"
20,0,0,0.109763787774445,1.1039654761856,7.10043004335088,181.228654264617
