"subjID","A","alpha","beta","gamma","tau","nLL"
66,1,0,0.173125462708893,1.69030623020852,6.92979893704155,199.587935777043
