"subjID","A","alpha","beta","gamma","tau","nLL"
13,0,0,0.00673795928134074,1.22076446624883,9.44977254998546,216.316265199332
