"subjID","A","alpha","beta","gamma","tau","nLL"
82,1,0,0.367851015136342,0.744277733488341,2.58270369601601,142.7272711225
