"subjID","A","alpha","beta","gamma","tau","nLL"
34,0,0,0.0362209365391547,1.34431414185971,4.56200437632356,112.312822959716
