"subjID","A","alpha","beta","gamma","tau","nLL"
71,1,0,0.527222237380781,0.935302119180883,4.69429155879467,198.465187977446
