"subjID","A","alpha","beta","gamma","tau","nLL"
24,0,0,0.00673794730108119,1.24811436260274,7.94351876714445,201.904941901429
