"subjID","A","alpha","beta","gamma","tau","nLL"
76,1,0,0.41552200835207,0.55530941791986,2.1294404248378,131.574146315337
