"subjID","A","alpha","beta","gamma","tau","nLL"
21,0,0,0.00673794733018368,1.02951615037174,7.23801983664743,206.695651491918
