"subjID","A","alpha","beta","gamma","tau","nLL"
65,1,0,0.296971747194816,1.76553185317697,5.90564640814335,143.932829814612
