"subjID","A","alpha","beta","gamma","tau","nLL"
86,1,0,0.341025266301603,2.18459962310523,38.938243798833,269.110842458348
