"subjID","A","alpha","beta","gamma","tau","nLL"
53,1,0,0.00673794701962809,0.354075402101703,5.70207685930149,253.326275111614
