"subjID","A","alpha","beta","gamma","tau","nLL"
19,0,0,0.14978074648671,1.40189472487962,8.17352319882925,187.288053876392
