"subjID","A","alpha","beta","gamma","tau","nLL"
62,1,0,0.312273670975709,0.790279833682793,2.55455706269705,132.211725136617
