"subjID","A","alpha","beta","gamma","tau","nLL"
69,1,0,0.256312833674509,0.955104205765299,3.19677362761942,153.84729105119
