"subjID","A","alpha","beta","gamma","tau","nLL"
59,1,0,0.778482103425692,1.34670145913915,54.5981490815835,279.859525362131
