"subjID","A","alpha","beta","gamma","tau","nLL"
35,0,0,0.109750367947264,0.996986763659552,4.73915723022252,185.91622159387
