"subjID","A","alpha","beta","gamma","tau","nLL"
63,1,0,0.719473504906347,1.18393364516138,1.22492174432374,75.3537500973979
