"subjID","A","alpha","beta","gamma","tau","nLL"
73,1,0,0.597730220906783,0.869883203597852,2.01753988386355,148.626300850286
