"subjID","A","alpha","beta","gamma","tau","nLL"
71,1,1.0124277081325,0,1.04167172373971,9.44422233086572,204.275277357696
