"subjID","A","alpha","beta","gamma","tau","nLL"
37,0,0.235567683442999,0,1.03611784620181,6.3920850378139,185.328994838219
