"subjID","A","alpha","beta","gamma","tau","nLL"
21,0,0.0497873479155225,0,1.03252342865469,6.98030680298001,206.005115159373
