"subjID","A","alpha","beta","gamma","tau","nLL"
72,1,0.269974096092427,0,0.656140855437233,3.77955192848334,186.275871807253
