"subjID","A","alpha","beta","gamma","tau","nLL"
35,0,0.0067379483828079,0,0.969629415842935,5.48267174933288,188.796183715262
