"subjID","A","alpha","beta","gamma","tau","nLL"
83,1,0.00673794773286645,0,0.716915276825867,11.2167890636605,260.547776742012
