"subjID","A","alpha","beta","gamma","tau","nLL"
46,0,3.29208980178949,0,0.243298942764383,42.5384860947368,284.325856017331
