"subjID","A","alpha","beta","gamma","tau","nLL"
106,1,0.193891355907213,0,0.856676277071368,5.12980185120185,172.436680686352
