"subjID","A","alpha","beta","gamma","tau","nLL"
74,1,0.439632648999457,0,0.881336363455099,4.41698236418442,156.712250166527
