"subjID","A","alpha","beta","gamma","tau","nLL"
25,0,0.348517793194147,0,0.544917015542464,6.06035311468911,207.405191284574
