"subjID","A","alpha","beta","gamma","tau","nLL"
32,0,0.152200732175645,0,1.02498126534435,8.49066034688153,223.665739100447
