"subjID","A","alpha","beta","gamma","tau","nLL"
59,1,4.57581193822727,0,0.118019264968472,9.15433676346568,278.438246579644
