"subjID","A","alpha","beta","gamma","tau","nLL"
1,0,0.132139002804887,0,1.20385819101707,11.9046846182382,226.104435889083
