"subjID","A","alpha","beta","gamma","tau","nLL"
95,1,0.30649879617327,0,1.31900253826778,6.12169000361805,159.934733892868
