"subjID","A","alpha","beta","gamma","tau","nLL"
54,1,0.437681324960962,0,0.869698885724719,3.10065737607379,154.97742121483
