"subjID","A","alpha","beta","gamma","tau","nLL"
105,1,0.429067633503766,0,0.799194585631412,4.55504135673369,183.03429884757
