"subjID","A","alpha","beta","gamma","tau","nLL"
101,1,1.84241022820876,0,0.00673938047638295,15.9396548764603,284.454352289825
