"subjID","A","alpha","beta","gamma","tau","nLL"
86,1,0.0880665327166206,0,2.25959849080339,54.5981492566889,272.706104848645
