"subjID","A","alpha","beta","gamma","tau","nLL"
42,0,0.116239771216819,0,1.0864566613838,15.1222702681508,265.623608543632
