"subjID","A","alpha","beta","gamma","tau","nLL"
43,0,0.0117096033945156,0,0.994581454803609,10.6283257054822,226.318826755512
