"subjID","A","alpha","beta","gamma","tau","nLL"
11,0,0.156225986780775,0,0.92482993974286,6.26294561796285,201.062599886802
