"subjID","A","alpha","beta","gamma","tau","nLL"
50,0,0.125212806624782,0,0.77642502538135,5.75322580818916,199.706229636455
