"subjID","A","alpha","beta","gamma","tau","nLL"
14,0,0.0442331990399536,0,0.713898696814763,7.40282030650667,242.22186440834
