"subjID","A","alpha","beta","gamma","tau","nLL"
53,1,0.0570388635937674,0,0.337285774359974,5.51151101644916,252.3954975993
