"subjID","A","alpha","beta","gamma","tau","nLL"
4,0,0.0067379507963203,0,1.24016888906235,7.67518828049513,176.526393265146
