"subjID","A","alpha","beta","gamma","tau","nLL"
28,0,0.0456392496683494,0,1.02847704878831,8.59466963735272,226.525779076475
