"subjID","A","alpha","beta","gamma","tau","nLL"
10,0,0.339023507040189,0,1.25716732729331,22.6389519706114,250.361699876283
