"subjID","A","alpha","beta","gamma","tau","nLL"
44,0,0.12547422571256,0,1.0575491086128,9.07344326592769,207.898754516448
