"subjID","A","alpha","beta","gamma","tau","nLL"
9,0,0.0067379587052573,0,1.1385666530635,6.14048482757663,145.333268250844
