"subjID","A","alpha","beta","gamma","tau","nLL"
31,0,0.00673795217448573,0,1.34873014491801,13.661525094404,240.89394805616
