"subjID","A","alpha","beta","gamma","tau","nLL"
98,1,0.501729067940005,0,1.54964443476695,8.70013284497219,170.856859337764
