"subjID","A","alpha","beta","gamma","tau","nLL"
56,1,0.61696360861341,0,0.872934486120145,3.49261943529016,152.902254875792
