"subjID","A","alpha","beta","gamma","tau","nLL"
84,1,0.703030274983546,0,1.03264340330842,8.0148382583567,204.444584093449
