"subjID","A","alpha","beta","gamma","tau","nLL"
39,0,0.0534685230462479,0,0.893808726420963,6.64181211844999,186.810707642041
