"subjID","A","alpha","beta","gamma","tau","nLL"
63,1,0.00673797043061947,0,0.741520349385025,4.44004241867807,133.835991167078
