"subjID","A","alpha","beta","gamma","tau","nLL"
81,1,0.557038341701908,0,0.694680842755472,4.73806219105398,173.464752296658
