"subjID","A","alpha","beta","gamma","tau","nLL"
102,1,0.649478980277367,0,0.692304859162303,7.28292015237686,249.818398341307
