"subjID","A","alpha","beta","gamma","tau","nLL"
33,0,0.220900856507566,0,0.961621149824878,13.3066939801601,254.264977122202
