"subjID","A","alpha","beta","gamma","tau","nLL"
22,0,0.202696952681047,0,1.03619085278784,11.4010844188265,248.715642530411
