"subjID","A","alpha","beta","gamma","tau","nLL"
69,1,0.190806004142828,0,1.06840296753437,5.35765908823461,160.200798365952
