"subjID","A","alpha","beta","gamma","tau","nLL"
29,0,0.246323887483651,0,1.06837951380559,7.55239598301349,180.488001390559
