"subjID","A","alpha","beta","gamma","tau","nLL"
34,0,0.10158299472056,0,1.30511019281994,4.56186347636165,111.454798382209
