"subjID","A","alpha","beta","gamma","tau","nLL"
100,1,54.5773363204072,0,2.66638216722487,54.5697198383883,280.067413721081
