"subjID","A","alpha","beta","gamma","tau","nLL"
8,0,0.0176832123276557,0,0.964077088566476,8.64680386228937,233.439796168752
