"subjID","A","alpha","beta","gamma","tau","nLL"
82,1,0.563032056989644,0,0.831190718692941,3.96976520238365,150.589990543285
