"subjID","A","alpha","beta","gamma","tau","nLL"
38,0,0.00673796740693937,0,1.06418342103809,11.1422558171253,233.294246831766
