"subjID","A","alpha","beta","gamma","tau","nLL"
91,1,0.129021017732212,0,0.829031369074386,2.35710129932192,115.493623119753
