"subjID","A","alpha","beta","gamma","tau","nLL"
20,0,0.131997980908566,0,1.05523199512851,7.43015194363501,180.876565625499
