"subjID","A","alpha","beta","gamma","tau","nLL"
103,1,0.387795944573974,0,1.21710607264529,2.94458481687543,118.473412963626
