"subjID","A","alpha","beta","gamma","tau","nLL"
64,1,1.02978813363526,0,0.881004840617768,4.03235086049478,159.356510246121
