"subjID","A","alpha","beta","gamma","tau","nLL"
13,0,0.0387005974769791,0,1.21051998333824,9.44579805525521,216.002630699914
