"subjID","A","alpha","beta","gamma","tau","nLL"
19,0,0.0538285102380171,0,1.36737821618224,9.28509837291582,190.108004176486
