"subjID","A","alpha","beta","gamma","tau","nLL"
5,0,0.0592811876725149,0,1.24083748376667,5.77374285351488,157.530554648393
