"subjID","A","alpha","beta","gamma","tau","nLL"
3,0,0.166837812904151,0,2.96494022897962,54.1564822456597,244.370037002399
