"subjID","A","alpha","beta","gamma","tau","nLL"
76,1,0.638230992222595,0,0.831739666995971,3.75318620289423,133.333857031773
