"subjID","A","alpha","beta","gamma","tau","nLL"
41,0,0.104449069786452,0,1.12389981353303,5.56003828796252,139.12579832552
