"subjID","A","alpha","beta","gamma","tau","nLL"
47,0,0.105435441337025,0,1.40889182750243,12.3141727105113,210.989833843136
