"subjID","A","alpha","beta","gamma","tau","nLL"
12,0,0.0235600836940526,0,1.47612484713809,19.1795266182141,247.982299304914
