"subjID","A","alpha","beta","gamma","tau","nLL"
90,1,1.16383786578391,0,0.679158885780512,4.90968763688591,188.277351870121
