"subjID","A","alpha","beta","gamma","tau","nLL"
49,0,0.0067379533496457,0,0.979715141665441,8.87004277528644,224.618854945764
