"subjID","A","alpha","beta","gamma","tau","nLL"
24,0,0.0500414657927626,0,1.24950335964119,7.83768625028331,200.825472029369
