"subjID","A","alpha","beta","gamma","tau","nLL"
73,1,0.618182335153324,0,1.05759313604017,6.94860713546003,181.209493317033
