"subjID","A","alpha","beta","gamma","tau","nLL"
92,1,0.76287202634772,0,0.656898728647797,6.61725193145102,227.943324195256
