"subjID","A","alpha","beta","gamma","tau","nLL"
85,1,0.82222352717643,0,0.686967261967551,3.17022636706383,178.33166421228
