"subjID","A","alpha","beta","gamma","tau","nLL"
79,1,0.0425163345991125,0,0.434937617652756,1.10556719186098,103.222295274096
