"subjID","A","alpha","beta","gamma","tau","nLL"
48,0,0.198634425110844,0,0.968798563945522,14.6396314361712,249.134554185491
