"subjID","A","alpha","beta","gamma","tau","nLL"
75,1,0.270099961320385,0,1.12892772120484,5.77799842738594,165.400071253207
