"subjID","A","alpha","beta","gamma","tau","nLL"
7,0,0.201858547437924,0,1.02692249737251,17.1880169106314,260.067716945926
