"subjID","A","alpha","beta","gamma","tau","nLL"
107,1,0.00673795321195831,0,0.990548959960207,9.67965329160173,238.905729687176
