"subjID","A","alpha","beta","gamma","tau","nLL"
94,1,0.689496122408149,0,1.4748534103122,19.7775362329796,249.026439623265
