"subjID","A","alpha","beta","gamma","tau","nLL"
65,1,0.0716847144435138,0,1.1070493023144,6.21222455238232,159.103251797985
