"subjID","A","alpha","beta","gamma","tau","nLL"
93,1,0.364957320490877,0,0.75715288158224,3.93848578513676,177.206844089779
