"subjID","A","alpha","beta","gamma","tau","nLL"
26,0,0.040797240912049,0,0.786884233795308,7.94329598411235,238.654359284503
