"subjID","A","alpha","beta","gamma","tau","nLL"
88,1,0.0311398961462271,0,0.764023022110164,2.39817312137771,132.619068503244
