"subjID","A","alpha","beta","gamma","tau","nLL"
70,1,0.492257100202732,0,0.551291675390713,5.19022166506608,219.363058063837
