"subjID","A","alpha","beta","gamma","tau","nLL"
67,1,0.412630076088101,0,0.698844151735499,4.50059401108267,192.034301934774
