"subjID","A","alpha","beta","gamma","tau","nLL"
96,1,29.6683230293672,0,1.83422275605538,47.8466299143603,280.533045883349
