"subjID","A","alpha","beta","gamma","tau","nLL"
16,0,0.0310846838622904,0,1.01910545121511,8.35657281802508,195.340929483294
