"subjID","A","alpha","beta","gamma","tau","nLL"
99,1,0.839997529852038,0,0.525641031718528,4.11314818505412,210.706697255824
