"subjID","A","alpha","beta","gamma","tau","nLL"
89,1,0.0762023844756349,0,1.39045193941647,6.37279958317878,140.625108384925
