"subjID","A","alpha","beta","gamma","tau","nLL"
2,0,0.323067713983298,0,0.695316953287518,7.91341167636517,233.532745264879
