"subjID","A","alpha","beta","gamma","tau","nLL"
36,0,0.238203658180941,0,1.11719630743052,29.9682508598215,271.726906416103
