"subjID","A","alpha","beta","gamma","tau","nLL"
6,0,0.0067379471013986,0,0.86563779906405,2.7666585160108,94.7988061429367
