"subjID","A","alpha","beta","gamma","tau","nLL"
58,1,0.370822941379889,0,0.905944220223838,4.54796619287557,163.61724874076
