"subjID","A","alpha","beta","gamma","tau","nLL"
57,1,0.858380354908799,0,0.789455922915787,5.27522032081393,186.683726028669
