"subjID","A","alpha","beta","gamma","tau","nLL"
60,1,0.216050243125985,0,1.16751946715288,5.64543135174158,156.163946306953
