"subjID","A","alpha","beta","gamma","tau","nLL"
45,0,0.0490796982099699,0,1.56996638192517,10.4224581517853,155.56600375867
