"subjID","A","alpha","beta","gamma","tau","nLL"
77,1,1.11669996530183,0,1.65719956831051,18.8461349977114,219.001556650851
