"subjID","A","alpha","beta","gamma","tau","nLL"
87,1,0.633498634499049,0,0.668020936288841,6.2510831645542,215.722561425
