"subjID","A","alpha","beta","gamma","tau","nLL"
61,1,1.23240049201622,0,0.820128080892747,4.16327552900398,169.192806719162
