"subjID","A","alpha","beta","gamma","tau","nLL"
68,1,1.43090605117123,0,0.465604586383759,3.23656721964458,169.436909630071
