"subjID","A","alpha","beta","gamma","tau","nLL"
40,0,2.31122399370677,0,0.00673796982933715,13.5664829599664,280.617753246523
