"subjID","A","alpha","beta","gamma","tau","nLL"
17,0,0.0707765044857429,0,1.09995847488941,7.33894180272167,186.828544993043
