"subjID","A","alpha","beta","gamma","tau","nLL"
18,0,0.0787366850403103,0,1.09766174276907,13.4611960656909,250.215916756202
