"subjID","A","alpha","beta","gamma","tau","nLL"
52,1,0.288981225997883,0,0.842851005813058,2.33537861432039,136.019527893973
