"subjID","A","alpha","beta","gamma","tau","nLL"
66,1,0.47176346510552,0,1.35736031007404,8.21170650913988,199.054861234503
