"subjID","A","alpha","beta","gamma","tau","nLL"
51,1,0.541690296124382,0,0.77567908447893,5.10362994261637,202.567733821764
