"subjID","A","alpha","beta","gamma","tau","nLL"
27,0,0.0663146990120728,0,0.995935533257416,13.9439396110782,243.335874267226
