"subjID","A","alpha","beta","gamma","tau","nLL"
80,1,54.5981296690066,0,0.00673804110374555,54.598071226828,286.02450204881
