"subjID","A","alpha","beta","gamma","tau","nLL"
15,0,0.00673794764437213,0,0.943615963245929,6.39339041722322,190.083565179436
