"subjID","A","alpha","beta","gamma","tau","nLL"
30,0,0.00673794893269632,0,0.963488801119883,6.72867703564911,194.902940449272
