"subjID","A","alpha","beta","gamma","tau","nLL"
23,0,0.0946734558205411,0,1.21333596148832,10.0996695885435,184.236063490349
