"subjID","A","alpha","beta","gamma","tau","nLL"
62,1,0.740902250306751,0,0.682791293857809,2.63105624493081,130.756872325291
