"subjID","A","alpha","beta","gamma","tau","nLL"
55,1,0.1389805937016,0,1.39049618549908,4.48212174695561,84.6579834204431
