"subjID","A","alpha","beta","gamma","tau","nLL"
97,1,0.128043435634549,0,0.777001924290477,4.27382583378354,204.654099078371
