"subjID","A","alpha","beta","gamma","tau","nLL"
78,1,0.774974427010711,0,0.634934467824871,5.86348376369042,237.153425852589
