"subjID","A","alpha","beta","gamma","tau","nLL"
105,1,1.01465735372417,0.00673796234072078,0,2.42686701352253,243.158149173091
