"subjID","A","alpha","beta","gamma","tau","nLL"
78,1,0.461031449891826,0.928224647464143,0,2.96328598366811,248.488195735317
