"subjID","A","alpha","beta","gamma","tau","nLL"
56,1,0.591917692853374,0.421842635792653,1,3.06339482562599,143.994300614388
