"subjID","A","alpha","beta","gamma","tau","nLL"
22,0,1.27148000990361,0.987061588531954,0,7.11803776753172,261.680903171756
