"subjID","A","alpha","beta","gamma","tau","nLL"
21,0,0.00673794711779191,1.63188229035096,0,13.554536793604,260.102409079422
