"subjID","A","alpha","beta","gamma","tau","nLL"
12,0,0.0376951104820712,0.17141219111755,1,12.483965520214,256.121721250761
