"subjID","A","alpha","beta","gamma","tau","nLL"
37,0,0.238122593503641,0.173218122799359,1,5.55931007743353,183.808751969725
