"subjID","A","alpha","beta","gamma","tau","nLL"
4,0,16.9833542737688,0.172333128107079,0,4.02404319419067,267.740293799474
