"subjID","A","alpha","beta","gamma","tau","nLL"
90,1,0.731154613902286,0.958241591371008,1,4.29811360172489,170.09191569428
