"subjID","A","alpha","beta","gamma","tau","nLL"
10,0,0.00673797492534256,6.13402757037098,0,54.5981499236523,277.245173183226
