"subjID","A","alpha","beta","gamma","tau","nLL"
42,0,0.114716589215887,0.161476394592926,1,12.3870406580924,264.673751543681
