"subjID","A","alpha","beta","gamma","tau","nLL"
41,0,30.9192687208453,0.00673883953284308,0,2.96832365203344,269.283840845539
