"subjID","A","alpha","beta","gamma","tau","nLL"
47,0,0.0593357318011242,0.00673794703370025,1,8.58895374872763,223.60316261345
