"subjID","A","alpha","beta","gamma","tau","nLL"
35,0,0.00673794715005178,0.111920930108481,1,4.75746712383143,185.998084326903
