"subjID","A","alpha","beta","gamma","tau","nLL"
71,1,0.0104257891825593,1.6604406941271,0,4.32682619570186,225.118209757166
