"subjID","A","alpha","beta","gamma","tau","nLL"
78,1,0.271981734114188,0.846750170523133,1,3.59387578095992,199.117765967615
