"subjID","A","alpha","beta","gamma","tau","nLL"
63,1,0.00673794702767368,0.377145227036596,0,1.61598094367857,214.458675719209
