"subjID","A","alpha","beta","gamma","tau","nLL"
20,0,1.46910062685199,0.00673797475702568,0,4.36718530060255,250.001734076485
