"subjID","A","alpha","beta","gamma","tau","nLL"
6,0,0.00673794700174839,0.112769476795002,1,2.70845517790812,95.5599438415491
