"subjID","A","alpha","beta","gamma","tau","nLL"
15,0,0.00673794700977096,0.826557150331756,0,35.1538885565941,280.516234279992
