"subjID","A","alpha","beta","gamma","tau","nLL"
19,0,2.6945821675345,1.15228785825385,0,5.28323375569422,266.094751781648
