"subjID","A","alpha","beta","gamma","tau","nLL"
8,0,0.0315241996970162,0.103676252018973,1,8.5535413111388,232.734454673901
