"subjID","A","alpha","beta","gamma","tau","nLL"
88,1,3.30812582848942,0.991053140848707,0,1.07011316879796,191.622794084129
