"subjID","A","alpha","beta","gamma","tau","nLL"
34,0,0.0676795909613092,0.00673794701749422,1,2.85037476022436,119.992861569888
