"subjID","A","alpha","beta","gamma","tau","nLL"
39,0,0.00673794720018034,0.698069158729597,0,11.1056872631296,257.407040801854
