"subjID","A","alpha","beta","gamma","tau","nLL"
77,1,54.5300183162959,14.1864325624971,0,0.624428287816366,254.701532602423
