"subjID","A","alpha","beta","gamma","tau","nLL"
71,1,0.301806666508864,0.771393813642143,1,4.9534382609386,187.079938569811
