"subjID","A","alpha","beta","gamma","tau","nLL"
43,0,0.285723988067037,0.00673795375716873,0,11.1930137489582,255.376362705861
