"subjID","A","alpha","beta","gamma","tau","nLL"
82,1,1.38737029842122,0.586368607976137,0,1.93389918711251,214.116646718983
