"subjID","A","alpha","beta","gamma","tau","nLL"
19,0,0.00673810624711389,0.133761041480561,1,5.68995999504558,193.85977137257
