"subjID","A","alpha","beta","gamma","tau","nLL"
66,1,0.00673794702102893,0.608971696102493,0,3.46552899604076,236.949143929507
