"subjID","A","alpha","beta","gamma","tau","nLL"
29,0,0.23293412796129,0.199938675069966,1,6.6391612704439,178.938806795314
