"subjID","A","alpha","beta","gamma","tau","nLL"
61,1,1.61620281744506,0.499744849468695,0,1.93789587748038,215.314570328115
