"subjID","A","alpha","beta","gamma","tau","nLL"
73,1,0.0933467874410395,0.69039911944156,1,2.14632023524431,142.919993998002
