"subjID","A","alpha","beta","gamma","tau","nLL"
15,0,0.00673794726736452,0.197235871276283,1,5.56824708393169,186.68385991591
