"subjID","A","alpha","beta","gamma","tau","nLL"
100,1,0.308899344092186,6.24514250279708,1,36.7094143527988,251.107738525998
