"subjID","A","alpha","beta","gamma","tau","nLL"
107,1,0.309857710662321,4.22729958417973,0,4.77953650853991,244.385543838646
