"subjID","A","alpha","beta","gamma","tau","nLL"
75,1,0.427931841905039,1.089625158262,0,1.83383008477659,217.036908667838
