"subjID","A","alpha","beta","gamma","tau","nLL"
3,0,0.211806976963687,0.00673794707275962,1,16.8756759734669,266.151348959151
