"subjID","A","alpha","beta","gamma","tau","nLL"
58,1,1.49323182271794,0.00673797536712589,0,1.63453210243759,213.565732139787
