"subjID","A","alpha","beta","gamma","tau","nLL"
44,0,0.00673794703352652,0.457893095590951,1,5.63182193539951,190.122230929025
