"subjID","A","alpha","beta","gamma","tau","nLL"
97,1,0.00673794769446061,0.223010315877639,1,3.80220210575933,195.361299897737
