"subjID","A","alpha","beta","gamma","tau","nLL"
84,1,0.506059767962025,0.636235275715882,1,4.7741570481148,192.10328646835
