"subjID","A","alpha","beta","gamma","tau","nLL"
7,0,9.0499441611336,14.6235334726362,0,13.5953504671295,280.025471593765
