"subjID","A","alpha","beta","gamma","tau","nLL"
36,0,0.00673794795679025,1.67651311128064,1,14.1277627025217,232.03610800667
