"subjID","A","alpha","beta","gamma","tau","nLL"
69,1,0.0953036956054202,0.301713317064891,1,3.17290464897792,151.809789924986
