"subjID","A","alpha","beta","gamma","tau","nLL"
46,0,0.00673795531289327,4.76576022538929,1,54.598145127928,258.406738705181
