"subjID","A","alpha","beta","gamma","tau","nLL"
53,1,0.00673795407671994,0.00673794707013251,1,12.5582136081381,261.376742870343
