"subjID","A","alpha","beta","gamma","tau","nLL"
68,1,0.268822175696706,0.716524694333067,1,3.3989593381479,149.848008814034
