"subjID","A","alpha","beta","gamma","tau","nLL"
24,0,1.61003625676537,0.00673800217692129,0,12.8889360307648,277.176915078872
