"subjID","A","alpha","beta","gamma","tau","nLL"
55,1,0.143596592784696,0.157787599806968,1,2.33267141702385,83.482473777936
