"subjID","A","alpha","beta","gamma","tau","nLL"
91,1,0.139769216334857,0.083774798658222,0,1.5793297943206,192.733741475017
