"subjID","A","alpha","beta","gamma","tau","nLL"
102,1,0.664381537915953,0.00673795681387284,1,10.7830542654938,251.047492962656
