"subjID","A","alpha","beta","gamma","tau","nLL"
16,0,0.0174718006563187,0.283729396309876,1,6.37398088756728,189.418014969163
