"subjID","A","alpha","beta","gamma","tau","nLL"
12,0,45.0246541291093,0.00673836434864085,0,3.64690467567497,280.759104252314
