"subjID","A","alpha","beta","gamma","tau","nLL"
95,1,0.317134355078,0.0158976379848862,1,4.61895206183023,161.894541743477
