"subjID","A","alpha","beta","gamma","tau","nLL"
59,1,4.6746306979968,0.00673800888793024,0,7.51217905511569,278.544487480866
