"subjID","A","alpha","beta","gamma","tau","nLL"
3,0,1.40951223457194,0.00673802608851172,0,11.6602636411495,277.06733382816
