"subjID","A","alpha","beta","gamma","tau","nLL"
90,1,1.35250494263814,0.408987788331422,0,2.98786614761163,232.510116548545
