"subjID","A","alpha","beta","gamma","tau","nLL"
38,0,0.00673794707074533,0.284305104462028,1,8.59142798368829,228.247692927324
