"subjID","A","alpha","beta","gamma","tau","nLL"
26,0,0.00673794708923125,1.25722348887533,0,6.28046969442551,246.99240029986
