"subjID","A","alpha","beta","gamma","tau","nLL"
76,1,0.133050906692799,0.339294269053278,0,1.62813852451126,191.063896584722
