"subjID","A","alpha","beta","gamma","tau","nLL"
53,1,0.35655036849536,0.0067379470109916,0,4.31678859940379,255.932542759362
