"subjID","A","alpha","beta","gamma","tau","nLL"
82,1,0.333123404189031,0.650718256166167,1,2.47062713670926,122.503869891158
