"subjID","A","alpha","beta","gamma","tau","nLL"
59,1,0.0734035174523775,0.956909748997559,1,45.4520598975044,280.101812309372
