"subjID","A","alpha","beta","gamma","tau","nLL"
36,0,0.0067379482830346,2.54384787319754,0,36.1597284919976,275.520638616384
