"subjID","A","alpha","beta","gamma","tau","nLL"
28,0,0.0389725730282102,0.0182050431655753,1,8.25775796171256,226.563226397954
