"subjID","A","alpha","beta","gamma","tau","nLL"
97,1,0.0266121515870688,0.419054881319924,0,2.04059253172222,231.734339575439
