"subjID","A","alpha","beta","gamma","tau","nLL"
17,0,0.0726907213737057,0.00673794704087909,1,6.75008577774083,188.176777931322
