"subjID","A","alpha","beta","gamma","tau","nLL"
62,1,0.18150393041447,0.369810863372716,1,2.99528065402617,128.480454267526
