"subjID","A","alpha","beta","gamma","tau","nLL"
106,1,3.37258971605574,1.37993118633584,0,0.994640336316091,232.214726224965
