"subjID","A","alpha","beta","gamma","tau","nLL"
45,0,0.0160636433984813,0.00673794701716796,1,5.98169411828162,179.05607430901
