"subjID","A","alpha","beta","gamma","tau","nLL"
57,1,0.29255521640943,0.708665607790996,1,2.78500353555848,152.898185636541
