"subjID","A","alpha","beta","gamma","tau","nLL"
83,1,1.25373926317229,0.00673794984884846,0,7.22416523048264,268.255235251998
