"subjID","A","alpha","beta","gamma","tau","nLL"
48,0,0.00673799545013577,8.06652729497619,0,54.5981484745083,273.979331363764
