"subjID","A","alpha","beta","gamma","tau","nLL"
60,1,0.211518890293497,0.22889764785454,1,3.75946186490004,152.33341847295
