"subjID","A","alpha","beta","gamma","tau","nLL"
27,0,0.00673794701608446,2.50081196688436,0,23.1187225388045,271.399760750851
