"subjID","A","alpha","beta","gamma","tau","nLL"
22,0,0.12235852193883,0.255202236042686,1,9.1621155757804,245.574974894991
