"subjID","A","alpha","beta","gamma","tau","nLL"
85,1,0.435512844457879,0.475506779524564,1,2.65491394767994,162.099977859931
