"subjID","A","alpha","beta","gamma","tau","nLL"
5,0,14.4704376242476,0.00673985337106998,0,4.60089524171465,270.895407770463
