"subjID","A","alpha","beta","gamma","tau","nLL"
37,0,2.33058520016152,0.00673801864560863,0,9.25954175242154,272.735952731094
