"subjID","A","alpha","beta","gamma","tau","nLL"
39,0,0.0321152864685353,0.304370086281732,1,5.36224800161791,176.461419386928
