"subjID","A","alpha","beta","gamma","tau","nLL"
64,1,0.545973987842108,0.276367321901748,1,3.93064694036964,156.667317396379
