"subjID","A","alpha","beta","gamma","tau","nLL"
89,1,0.00673794705381683,0.820493935356416,0,2.36730883597177,200.10824036365
