"subjID","A","alpha","beta","gamma","tau","nLL"
30,0,0.0067379477779995,0.00673795055504921,0,13.2586739591116,265.523248327567
