"subjID","A","alpha","beta","gamma","tau","nLL"
1,0,1.33354497951188,2.1533179784487,0,8.20793842562209,265.078160580187
