"subjID","A","alpha","beta","gamma","tau","nLL"
66,1,0.41896183257359,0.425527140429563,1,4.26468080990877,189.507233312012
