"subjID","A","alpha","beta","gamma","tau","nLL"
25,0,0.11070619212428,0.306794613849537,1,6.77394187302321,206.394373110228
