"subjID","A","alpha","beta","gamma","tau","nLL"
20,0,0.12660404977837,0.123093379622335,1,6.15746488785982,179.936911605877
