"subjID","A","alpha","beta","gamma","tau","nLL"
32,0,0.00673794735812213,2.95892261055404,0,20.2229944012985,268.069035801358
