"subjID","A","alpha","beta","gamma","tau","nLL"
34,0,24.1450798459147,0.00673816400738559,0,2.47755734551752,255.381824890167
