"subjID","A","alpha","beta","gamma","tau","nLL"
76,1,0.39490690743294,0.49550252513126,1,3.37776813667264,123.383045338077
