"subjID","A","alpha","beta","gamma","tau","nLL"
94,1,36.7733602884266,0.0069705381463837,0,1.17607985396156,269.294057377762
