"subjID","A","alpha","beta","gamma","tau","nLL"
30,0,0.00673795372403945,0.0067379471438747,1,7.08723843527039,195.816465118275
