"subjID","A","alpha","beta","gamma","tau","nLL"
8,0,0.00673794792486499,1.18593457361585,0,14.2866717725982,267.501737097769
