"subjID","A","alpha","beta","gamma","tau","nLL"
33,0,0.00673794700071617,0.697872650092295,1,7.39245497000488,223.33119955516
