"subjID","A","alpha","beta","gamma","tau","nLL"
21,0,0.0467394350873027,0.00673794708507762,1,6.76988791404645,206.290095024859
