"subjID","A","alpha","beta","gamma","tau","nLL"
48,0,0.112671103254672,0.764389268009149,1,10.0046077819477,232.323894323372
