"subjID","A","alpha","beta","gamma","tau","nLL"
23,0,0.168115363261469,0.0772591840123295,1,7.63289147220271,186.83009983005
