"subjID","A","alpha","beta","gamma","tau","nLL"
40,0,2.22777380903127,2.95991705090267,0,13.2554826634108,279.891288028648
