"subjID","A","alpha","beta","gamma","tau","nLL"
103,1,0.596359270477058,0.666688726157763,0,0.923118918527082,186.468717812701
