"subjID","A","alpha","beta","gamma","tau","nLL"
93,1,0.307001140975694,0.41671011571531,1,3.84683885601459,166.808214121659
