"subjID","A","alpha","beta","gamma","tau","nLL"
13,0,0.102382907054448,0.00673794700554085,1,7.84861103001292,224.605291803021
