"subjID","A","alpha","beta","gamma","tau","nLL"
83,1,0.00673795244842764,0.00673795531895857,1,15.0162825280222,261.335552921465
