"subjID","A","alpha","beta","gamma","tau","nLL"
46,0,2.53915827156206,21.3744301149006,0,54.5981299247137,282.747540254263
