"subjID","A","alpha","beta","gamma","tau","nLL"
65,1,0.00673794714104821,0.202124399173573,0,2.30560110325971,225.540230064864
