"subjID","A","alpha","beta","gamma","tau","nLL"
40,0,0.0546896108645672,1.04082198551845,1,18.8291978622238,267.474340725526
