"subjID","A","alpha","beta","gamma","tau","nLL"
50,0,0.00673794710409416,1.41880291945956,0,6.46960035927219,231.374797481771
