"subjID","A","alpha","beta","gamma","tau","nLL"
106,1,0.193666817064984,0.309219366643302,1,4.96531793948901,166.787018381364
