"subjID","A","alpha","beta","gamma","tau","nLL"
81,1,0.2367065892071,0.68625389635322,1,2.56810980291782,142.667525770459
