"subjID","A","alpha","beta","gamma","tau","nLL"
29,0,0.00673794874242542,1.18271084401626,0,13.4434829517347,258.697039965172
