"subjID","A","alpha","beta","gamma","tau","nLL"
63,1,0.00673794718006021,0.677023714467309,1,1.22704942390377,76.7870498779352
