"subjID","A","alpha","beta","gamma","tau","nLL"
100,1,0.848108858964849,6.47929069275495,0,21.0731830823184,278.922482520161
