"subjID","A","alpha","beta","gamma","tau","nLL"
51,1,1.16742171386945,0.126679729135035,0,3.21801079743886,245.924635587321
