"subjID","A","alpha","beta","gamma","tau","nLL"
51,1,0.248099206519646,0.631277001647179,1,3.22146288351817,177.633720028994
