"subjID","A","alpha","beta","gamma","tau","nLL"
11,0,0.157191318479896,0.0643859481083539,1,6.65806245999017,201.257130253408
