"subjID","A","alpha","beta","gamma","tau","nLL"
50,0,0.0805361468501304,0.323624455373135,1,5.73529326313354,195.28036067461
