"subjID","A","alpha","beta","gamma","tau","nLL"
72,1,0.00673794703507606,0.479440263863303,0,1.98856760625702,215.379394778666
