"subjID","A","alpha","beta","gamma","tau","nLL"
33,0,0.00673794727032521,1.54290565724912,0,12.7610766034869,264.408286991185
