"subjID","A","alpha","beta","gamma","tau","nLL"
75,1,0.09516511927697,0.340026222717109,1,3.42902661226659,149.462246563645
