"subjID","A","alpha","beta","gamma","tau","nLL"
47,0,15.8646598244597,1.39916853602887,0,2.923265064309,264.733182891664
