"subjID","A","alpha","beta","gamma","tau","nLL"
31,0,0.00673794718869827,0.296772720784393,1,7.90773266723715,238.22970270427
