"subjID","A","alpha","beta","gamma","tau","nLL"
9,0,0.00673794716431229,0.0166294320348491,1,4.87304693741712,148.434710862309
