"subjID","A","alpha","beta","gamma","tau","nLL"
62,1,0.52031221445971,0.620441542870758,0,0.804605656490116,171.487899074903
