"subjID","A","alpha","beta","gamma","tau","nLL"
92,1,0.43066066810925,0.641581484438432,1,6.69091841793983,221.576385833993
