"subjID","A","alpha","beta","gamma","tau","nLL"
67,1,0.0067379470343672,0.352315612368038,0,1.54520989020093,213.132723686214
