"subjID","A","alpha","beta","gamma","tau","nLL"
11,0,10.8582171729762,0.00673804411305807,0,5.51732272319007,267.438089616035
