"subjID","A","alpha","beta","gamma","tau","nLL"
14,0,0.00673794707064223,0.567346971472119,0,7.65901154062036,257.01620194808
