"subjID","A","alpha","beta","gamma","tau","nLL"
69,1,0.408051752010526,0.842103669657724,0,1.83107958996225,219.423634044999
