"subjID","A","alpha","beta","gamma","tau","nLL"
85,1,0.00673794732843544,1.3018250802488,0,1.04701038453743,201.59837884948
