"subjID","A","alpha","beta","gamma","tau","nLL"
98,1,10.9048885038817,0.41957336347519,0,2.82878913170297,249.772395634184
