"subjID","A","alpha","beta","gamma","tau","nLL"
9,0,1.21110100010413,0.00673795888728419,0,8.04050332138035,263.932855755846
