"subjID","A","alpha","beta","gamma","tau","nLL"
89,1,0.00673794924432082,0.185052316673339,1,3.19142440976479,136.808999134894
