"subjID","A","alpha","beta","gamma","tau","nLL"
95,1,0.55106490160776,0.326315438321717,0,2.7871452991921,228.195853516588
