"subjID","A","alpha","beta","gamma","tau","nLL"
4,0,0.00673794935591878,0.00673795197043076,1,6.08388202834701,187.015338243662
