"subjID","A","alpha","beta","gamma","tau","nLL"
61,1,0.875107915716381,0.589658961850145,1,4.22794931795586,164.397817207821
