"subjID","A","alpha","beta","gamma","tau","nLL"
6,0,5.21448800414882,0.00673795611133592,0,21.4528523454536,275.973977544341
