"subjID","A","alpha","beta","gamma","tau","nLL"
99,1,0.131668761321762,0.612771802035547,1,5.04653354476939,196.972510534908
