"subjID","A","alpha","beta","gamma","tau","nLL"
54,1,0.436794412581356,0.00673794775746836,1,3.54030409479777,155.404360134493
