"subjID","A","alpha","beta","gamma","tau","nLL"
16,0,0.00673794724268352,1.66889513380746,0,13.610848460844,260.761665672107
