"subjID","A","alpha","beta","gamma","tau","nLL"
87,1,0.202080335968168,0.682155912459146,1,3.9934157418352,190.00368405616
