"subjID","A","alpha","beta","gamma","tau","nLL"
27,0,0.0110455469839396,0.471791428281395,1,9.63791655930689,231.445093908075
