"subjID","A","alpha","beta","gamma","tau","nLL"
18,0,10.9897884296764,7.10677871575585,0,6.16320794275131,277.897995245791
