"subjID","A","alpha","beta","gamma","tau","nLL"
2,0,0.690800789008659,1.67697481765116,0,7.93320686026296,257.800707914056
