"subjID","A","alpha","beta","gamma","tau","nLL"
64,1,3.79332086512813,0.279020218615677,0,1.46594259628488,227.209605412303
