"subjID","A","alpha","beta","gamma","tau","nLL"
32,0,0.0789981578917862,0.280054716187789,1,6.19144858209881,217.059592229327
