"subjID","A","alpha","beta","gamma","tau","nLL"
49,0,1.43636688979436,0.246743732996263,0,9.13376193525378,270.647869075741
