"subjID","A","alpha","beta","gamma","tau","nLL"
44,0,0.00673794702136024,2.62976161511237,0,12.7292683144851,255.242695035243
