"subjID","A","alpha","beta","gamma","tau","nLL"
70,1,0.108428679219043,0.597268032887353,1,3.88651664234081,199.466981613532
