"subjID","A","alpha","beta","gamma","tau","nLL"
2,0,0.172893511655,0.506075420611868,1,8.30045322747537,227.613282518548
