"subjID","A","alpha","beta","gamma","tau","nLL"
91,1,0.134485046720719,0.0548245546668601,1,2.66937178736614,116.433981290948
