"subjID","A","alpha","beta","gamma","tau","nLL"
35,0,0.00673794834915781,0.0067379505029236,0,11.7876653058538,267.247962242443
