"subjID","A","alpha","beta","gamma","tau","nLL"
52,1,0.221247616845866,0.22789929247135,1,1.57007983602594,123.381724427596
