"subjID","A","alpha","beta","gamma","tau","nLL"
58,1,0.368800491558432,0.00673794785093307,1,5.01675927880743,163.87655521207
