"subjID","A","alpha","beta","gamma","tau","nLL"
52,1,0.945840217537782,0.00673795328293891,0,1.42999556090699,209.768405700307
