"subjID","A","alpha","beta","gamma","tau","nLL"
28,0,0.00673794734335718,1.50812817169088,0,8.13221280200311,250.299661526301
