"subjID","A","alpha","beta","gamma","tau","nLL"
55,1,13.5954324347792,0.661774989286207,0,0.440637363693688,208.843325649429
