"subjID","A","alpha","beta","gamma","tau","nLL"
84,1,4.1734840392386,0.00674925107859075,0,2.67379079496216,241.120002176195
