"subjID","A","alpha","beta","gamma","tau","nLL"
54,1,0.734638741330614,0.349988491808466,0,1.55093370889092,202.749776231326
