"subjID","A","alpha","beta","gamma","tau","nLL"
80,1,0.0525999471849308,2.86981398847518,1,54.5981495813058,280.616765627499
