"subjID","A","alpha","beta","gamma","tau","nLL"
24,0,0.0315961538214095,0.00673794705229435,1,6.50578585927133,210.193992052509
