"subjID","A","alpha","beta","gamma","tau","nLL"
38,0,39.6274235550463,5.02704551818773,0,1.80167677370051,266.655084987801
