"subjID","A","alpha","beta","gamma","tau","nLL"
73,1,0.00673794708253755,0.689096914348644,0,1.97644296814461,195.066944846567
