"subjID","A","alpha","beta","gamma","tau","nLL"
79,1,0.0067379488837887,0.064722866811892,0,0.244660802556595,165.925183050627
