"subjID","A","alpha","beta","gamma","tau","nLL"
17,0,0.337445533567329,0.00673794924984407,0,7.5444497121037,236.871590676542
