"subjID","A","alpha","beta","gamma","tau","nLL"
102,1,0.636954772831234,0.00673794703652819,0,4.25168876639795,260.644216364889
