"subjID","A","alpha","beta","gamma","tau","nLL"
14,0,0.0371985369409021,0.241958087367658,1,8.4554770418361,242.489141886572
