"subjID","A","alpha","beta","gamma","tau","nLL"
96,1,30.0247867313363,0.00673801508490057,0,4.60472294919442,280.554835099749
