"subjID","A","alpha","beta","gamma","tau","nLL"
23,0,0.263203277246006,0.0116792691237268,0,14.388586573838,267.641726741212
