"subjID","A","alpha","beta","gamma","tau","nLL"
77,1,0.543432896320015,0.839145772114382,1,5.56419703789383,211.27916962017
