"subjID","A","alpha","beta","gamma","tau","nLL"
41,0,0.0734580086822964,0.0733648037816586,1,4.34855681711192,139.372081803983
