"subjID","A","alpha","beta","gamma","tau","nLL"
31,0,0.00673794703861708,3.14790753809605,0,19.2634742513405,267.429441891915
