"subjID","A","alpha","beta","gamma","tau","nLL"
81,1,0.263837438811017,0.645138918751475,0,1.5835500048649,201.008278942652
