"subjID","A","alpha","beta","gamma","tau","nLL"
42,0,0.00673794727403375,0.00673794846757485,0,25.9025813932992,284.300477452165
