"subjID","A","alpha","beta","gamma","tau","nLL"
92,1,0.206176192284245,0.86590735538161,0,2.7356745130495,227.383217082572
