"subjID","A","alpha","beta","gamma","tau","nLL"
74,1,0.0575747744327669,0.324896400712791,0,2.44047271370444,218.112874090347
