"subjID","A","alpha","beta","gamma","tau","nLL"
67,1,0.243681375092625,0.621604237341866,1,3.93935340037227,176.499741478683
