"subjID","A","alpha","beta","gamma","tau","nLL"
101,1,0.25533691840874,1.42147050356135,1,54.5981480482583,283.152177202815
