"subjID","A","alpha","beta","gamma","tau","nLL"
87,1,0.529809473480742,1.37017542740934,0,2.53079611944761,221.885641922547
