"subjID","A","alpha","beta","gamma","tau","nLL"
49,0,0.00673794710129818,0.314157566611071,1,6.81991678380889,215.981447821736
