"subjID","A","alpha","beta","gamma","tau","nLL"
7,0,0.0831851131389802,1.13930208581736,1,12.903310775907,236.608094073718
