"subjID","A","alpha","beta","gamma","tau","nLL"
99,1,0.00673794700166038,0.965927616400171,0,1.95293281312492,220.410039589204
