"subjID","A","alpha","beta","gamma","tau","nLL"
72,1,0.192706002729956,0.506833167405889,1,3.46197236290563,164.340495887744
