"subjID","A","alpha","beta","gamma","tau","nLL"
93,1,0.00673794701009046,0.562260541372744,0,1.73124331423124,214.695968661097
