"subjID","A","alpha","beta","gamma","tau","nLL"
96,1,29.7230229154814,0.00673798731874614,1,21.2805543761584,280.547394518579
