"subjID","A","alpha","beta","gamma","tau","nLL"
25,0,1.1965407400179,1.90415481002931,0,2.78735040851714,208.923564244337
