"subjID","A","alpha","beta","gamma","tau","nLL"
105,1,0.361897682798185,0.279053067638715,1,4.66587266127557,180.380442742886
