"subjID","A","alpha","beta","gamma","tau","nLL"
74,1,0.25351269600914,0.571755903418377,1,2.81801694578515,135.459789895349
