"subjID","A","alpha","beta","gamma","tau","nLL"
1,0,0.110962329113064,0.00673794704959718,1,9.23141463852603,229.183127856055
