"subjID","A","alpha","beta","gamma","tau","nLL"
13,0,15.2240195254697,4.84950390497866,0,2.66782077860817,250.301548317681
