"subjID","A","alpha","beta","gamma","tau","nLL"
88,1,0.0370855787569118,0.0100704909890023,1,3.26568792617695,135.749531700055
