"subjID","A","alpha","beta","gamma","tau","nLL"
80,1,54.5981027350625,14.3350816729122,0,54.5981139037403,286.014825694073
