"subjID","A","alpha","beta","gamma","tau","nLL"
18,0,0.105308149716459,0.330013454601228,1,10.6428370352581,246.907731386333
