"subjID","A","alpha","beta","gamma","tau","nLL"
79,1,0.242419203430903,0.318470022892868,1,1.46363741669674,89.6043501368338
