"subjID","A","alpha","beta","gamma","tau","nLL"
86,1,0.372175959335478,0.945991774460169,0,23.4638069619141,283.430863850673
