"subjID","A","alpha","beta","gamma","tau","nLL"
10,0,0.159959847545643,1.34424284660251,1,11.8851986944807,229.681659875688
