"subjID","A","alpha","beta","gamma","tau","nLL"
94,1,0.403654489893148,0.420897102698084,1,10.140705327272,246.968979234311
