"subjID","A","alpha","beta","gamma","tau","nLL"
57,1,0.471116475373561,0.725297396506992,0,2.65052925238993,223.391987552727
