"subjID","A","alpha","beta","gamma","tau","nLL"
60,1,1.26981494257819,0.224895307763487,0,1.88360829555512,217.092630173449
