"subjID","A","alpha","beta","gamma","tau","nLL"
70,1,0.00673794700895085,0.977751087129729,0,1.72775186227885,203.912021698396
