"subjID","A","alpha","beta","gamma","tau","nLL"
101,1,1.84646416198128,0.00673794873918902,0,15.8211017294057,284.450885102483
