"subjID","A","alpha","beta","gamma","tau","nLL"
98,1,0.422822557353987,0.006737948204239,1,5.51199390108218,174.555548834503
