"subjID","A","alpha","beta","gamma","tau","nLL"
86,1,0.151210650404236,0.512228300646156,1,17.5385634485811,271.91383886956
