"subjID","A","alpha","beta","gamma","tau","nLL"
65,1,0.00673794706433338,0.213454973477132,1,3.90721859783762,148.645911139261
