"subjID","A","alpha","beta","gamma","tau","nLL"
107,1,0.00673794702217776,0.16897714576326,1,8.57320834402458,236.972512427139
