"subjID","A","alpha","beta","gamma","tau","nLL"
26,0,0.0468486728700021,0.00673794706949932,1,10.2368854976796,242.227491894319
