"subjID","A","alpha","beta","gamma","tau","nLL"
103,1,0.348758187621132,0.0867613498926316,1,2.29915985533698,117.883909677118
