"subjID","A","alpha","beta","gamma","tau","nLL"
45,0,29.8853951035459,0.00673813399800082,0,3.34342895007448,277.241323525632
