"subjID","A","alpha","beta","gamma","tau","nLL"
43,0,0.017282061084753,0.00673794700687832,1,10.677879729027,226.604849202619
