"subjID","A","alpha","beta","gamma","tau","nLL"
68,1,1.27111345660011,0.585528255313422,0,1.80523608728603,195.5996861321
