"subjID","A","alpha","beta","gamma","tau","nLL"
56,1,0.00673794722862787,0.838618388890388,0,1.87475332839914,215.624377269838
