"subjID","A","alpha","beta","gamma","tau","nLL"
5,0,0.0426407810757999,0.0347003404312675,1,4.93974800311959,162.154870046391
