"subjID","A","alpha","beta","gamma","tau","nLL"
24,0,0,0.00673794699908645,1,6.58003818039344,210.438018873887
