"subjID","A","alpha","beta","gamma","tau","nLL"
77,1,1,0.697414117579261,1,7.3947867006249,218.09912706643
