"subjID","A","alpha","beta","gamma","tau","nLL"
55,1,1,0.00673794699909571,1,3.01743510349292,106.749862790359
