"subjID","A","alpha","beta","gamma","tau","nLL"
14,0,0,0.223457857672789,1,8.49557317479226,242.683623177612
