"subjID","A","alpha","beta","gamma","tau","nLL"
20,0,0,0.0793411762700886,1,6.34943353540167,181.860920387696
