"subjID","A","alpha","beta","gamma","tau","nLL"
57,1,1,1.01177162298701,1,3.99892241068931,168.517403988403
