"subjID","A","alpha","beta","gamma","tau","nLL"
58,1,1,0.00673794699908765,1,6.74902137745976,181.277802511997
