"subjID","A","alpha","beta","gamma","tau","nLL"
38,0,0,0.280377488858827,1,8.56611633690734,228.091582223933
