"subjID","A","alpha","beta","gamma","tau","nLL"
84,1,1,0.627289400798028,1,6.55054902561338,200.933936735846
