"subjID","A","alpha","beta","gamma","tau","nLL"
1,0,0,0.00673794699908648,1,9.36913138813844,230.836141968649
