"subjID","A","alpha","beta","gamma","tau","nLL"
47,0,0,0.00673794699908738,1,8.61089172134529,224.05187477212
