"subjID","A","alpha","beta","gamma","tau","nLL"
101,1,1,0.00673794837331609,1,54.5981500328674,286.394130308991
