"subjID","A","alpha","beta","gamma","tau","nLL"
74,1,1,0.863283701723396,1,3.53250934902314,150.688869998063
