"subjID","A","alpha","beta","gamma","tau","nLL"
51,1,1,0.557616358703574,1,5.39721107969331,204.979883922447
