"subjID","A","alpha","beta","gamma","tau","nLL"
62,1,1,0.00673794699908708,1,3.85385560285048,136.779789857476
