"subjID","A","alpha","beta","gamma","tau","nLL"
83,1,1,0.00673794699909213,1,20.625194464946,268.440431711909
