"subjID","A","alpha","beta","gamma","tau","nLL"
95,1,1,0.00673794699909996,1,5.82769218089972,185.452430804111
