"subjID","A","alpha","beta","gamma","tau","nLL"
82,1,1,0.847086309158976,1,3.36465161549026,139.847182695893
