"subjID","A","alpha","beta","gamma","tau","nLL"
42,0,0,0.110851469176256,1,12.7887394948874,265.627668732867
