"subjID","A","alpha","beta","gamma","tau","nLL"
70,1,1,1.10719701476689,1,6.3986853703238,212.259269323966
