"subjID","A","alpha","beta","gamma","tau","nLL"
66,1,1,0.792713459437989,1,5.47199693394927,193.661180593471
