"subjID","A","alpha","beta","gamma","tau","nLL"
60,1,1,0.113972061462328,1,5.90951084410184,175.694937891472
