"subjID","A","alpha","beta","gamma","tau","nLL"
4,0,0,0.00673794699908706,1,6.063783896012,186.697321086043
