"subjID","A","alpha","beta","gamma","tau","nLL"
54,1,1,0.00673794699909406,1,4.2544181578886,177.031398460921
