"subjID","A","alpha","beta","gamma","tau","nLL"
68,1,1,1.31601525616251,1,4.58477187268268,162.371030860986
