"subjID","A","alpha","beta","gamma","tau","nLL"
89,1,1,0.00673794699909659,1,7.10748071391454,193.226742587631
