"subjID","A","alpha","beta","gamma","tau","nLL"
22,0,0,0.207792383120454,1,9.07521994993734,246.373184068071
