"subjID","A","alpha","beta","gamma","tau","nLL"
18,0,0,0.238056760291666,1,10.6569795546035,247.805447996528
