"subjID","A","alpha","beta","gamma","tau","nLL"
80,1,1,4.38188831428191,1,54.5981500331349,292.076351623131
