"subjID","A","alpha","beta","gamma","tau","nLL"
2,0,0,0.338306127584828,1,8.14103943580216,230.429939858466
