"subjID","A","alpha","beta","gamma","tau","nLL"
103,1,1,0.0819907677904051,1,2.41720587963149,123.530519525926
