"subjID","A","alpha","beta","gamma","tau","nLL"
107,1,1,0.124189594636177,1,15.9802483638821,257.99617341111
