"subjID","A","alpha","beta","gamma","tau","nLL"
81,1,1,0.568360225236793,1,5.377763970086,176.964967513424
