"subjID","A","alpha","beta","gamma","tau","nLL"
91,1,1,0.00673794699908617,1,4.90959981509773,185.052767827306
