"subjID","A","alpha","beta","gamma","tau","nLL"
56,1,1,0.555611473067027,1,3.64917578565697,153.010719217041
