"subjID","A","alpha","beta","gamma","tau","nLL"
17,0,0,0.00673794699908698,1,6.78061204602238,188.761318577641
