"subjID","A","alpha","beta","gamma","tau","nLL"
100,1,1,11.0067586339379,1,52.1123872346511,265.24206435029
