"subjID","A","alpha","beta","gamma","tau","nLL"
52,1,1,0.0113470313995545,1,3.42808399111409,155.525307901813
