"subjID","A","alpha","beta","gamma","tau","nLL"
37,0,0,0.0912619813017125,1,6.82695068537224,197.623689384004
