"subjID","A","alpha","beta","gamma","tau","nLL"
40,0,0,0.94039775956186,1,18.7943138946964,267.721210658358
