"subjID","A","alpha","beta","gamma","tau","nLL"
35,0,0,0.110407799540936,1,4.75044859600602,185.918154167029
