"subjID","A","alpha","beta","gamma","tau","nLL"
25,0,0,0.249411270459885,1,6.6859433558029,207.587120613594
