"subjID","A","alpha","beta","gamma","tau","nLL"
43,0,0,0.00673794699908818,1,10.6852064925263,226.619654256586
