"subjID","A","alpha","beta","gamma","tau","nLL"
76,1,1,0.483946245371114,1,4.29803221138831,133.756301602563
