"subjID","A","alpha","beta","gamma","tau","nLL"
67,1,1,0.807260472687978,1,4.64928891537861,189.575399612572
