"subjID","A","alpha","beta","gamma","tau","nLL"
21,0,0,0.00673794699911461,1,7.04343645537466,206.83003995207
