"subjID","A","alpha","beta","gamma","tau","nLL"
19,0,0,0.132516553581794,1,5.68932319201637,193.864653629319
