"subjID","A","alpha","beta","gamma","tau","nLL"
13,0,0,0.00673794699909041,1,8.05997262701209,226.92060818166
