"subjID","A","alpha","beta","gamma","tau","nLL"
30,0,0,0.00673794699909051,1,7.07937944294271,195.766571499351
