"subjID","A","alpha","beta","gamma","tau","nLL"
64,1,1,0.273105038366891,1,4.21177149119661,158.114720723102
