"subjID","A","alpha","beta","gamma","tau","nLL"
85,1,1,0.597016198085208,1,3.40636372636739,171.771814215794
