"subjID","A","alpha","beta","gamma","tau","nLL"
5,0,0,0.0300376683545762,1,4.95713789140555,162.743686998973
