"subjID","A","alpha","beta","gamma","tau","nLL"
105,1,1,0.0189313636751322,1,6.00337928336512,191.1470182441
