"subjID","A","alpha","beta","gamma","tau","nLL"
61,1,1,0.546588061475026,1,4.2652957754616,164.685183021049
