"subjID","A","alpha","beta","gamma","tau","nLL"
86,1,1,0.0886837306553374,1,30.1338476093085,278.639647973998
