"subjID","A","alpha","beta","gamma","tau","nLL"
65,1,1,0.0067379469990944,1,8.09613503243641,196.947649376933
