"subjID","A","alpha","beta","gamma","tau","nLL"
10,0,0,1.03292874400795,1,11.9870774088792,232.401966198233
