"subjID","A","alpha","beta","gamma","tau","nLL"
34,0,0,0.00673794699908895,1,2.89116109724426,120.716254964808
