"subjID","A","alpha","beta","gamma","tau","nLL"
87,1,1,1.18545317882766,1,6.17222960201405,206.425365927364
