"subjID","A","alpha","beta","gamma","tau","nLL"
79,1,1,0.0456301613295592,1,2.99210364070146,117.252153529203
