"subjID","A","alpha","beta","gamma","tau","nLL"
8,0,0,0.0949675942769014,1,8.5374927537741,232.775754783376
