"subjID","A","alpha","beta","gamma","tau","nLL"
29,0,0,0.164430787576499,1,7.02339560493863,184.483770233792
