"subjID","A","alpha","beta","gamma","tau","nLL"
31,0,0,0.294149490568134,1,7.90415926982194,238.191785538761
