"subjID","A","alpha","beta","gamma","tau","nLL"
16,0,0,0.273682115878869,1,6.37635871257175,189.468363402829
