"subjID","A","alpha","beta","gamma","tau","nLL"
94,1,1,0.0953118552141288,1,12.8321833962508,250.392853157644
