"subjID","A","alpha","beta","gamma","tau","nLL"
99,1,1,1.25724720926161,1,5.85308723406607,200.818337121416
