"subjID","A","alpha","beta","gamma","tau","nLL"
93,1,1,0.66711652699999,1,4.03746077766806,173.717326663475
