"subjID","A","alpha","beta","gamma","tau","nLL"
45,0,0,0.00673794699910494,1,6.01230903305937,179.123337652784
