"subjID","A","alpha","beta","gamma","tau","nLL"
73,1,1,0.852291190678762,1,4.47624292552268,176.084738020511
