"subjID","A","alpha","beta","gamma","tau","nLL"
75,1,1,0.179639358025811,1,4.69080445743498,178.080930159857
