"subjID","A","alpha","beta","gamma","tau","nLL"
71,1,1,1.03061303470283,1,6.86164942099281,196.345218210257
