"subjID","A","alpha","beta","gamma","tau","nLL"
102,1,1,0.00673794699908645,1,11.2838902715696,252.966871540341
