"subjID","A","alpha","beta","gamma","tau","nLL"
97,1,1,0.00673794699909026,1,8.14872401139908,230.256457438694
