"subjID","A","alpha","beta","gamma","tau","nLL"
33,0,0,0.689734184402124,1,7.35659472457734,223.147170761438
