"subjID","A","alpha","beta","gamma","tau","nLL"
26,0,0,0.00673794699908727,1,10.2864475283995,242.487441805851
