"subjID","A","alpha","beta","gamma","tau","nLL"
6,0,0,0.113701099942041,1,2.67018046304522,94.86940993765
