"subjID","A","alpha","beta","gamma","tau","nLL"
63,1,1,0.755791346436653,1,5.58540891140568,159.720059906615
