"subjID","A","alpha","beta","gamma","tau","nLL"
9,0,0,0.0163310197976371,1,4.87740691121619,148.423137768086
