"subjID","A","alpha","beta","gamma","tau","nLL"
15,0,0,0.197144426674708,1,5.54446051305762,186.480977158207
