"subjID","A","alpha","beta","gamma","tau","nLL"
78,1,1,1.18433748652728,1,6.66996180677288,226.781380400024
