"subjID","A","alpha","beta","gamma","tau","nLL"
50,0,0,0.29344503613851,1,5.80281926628659,196.523059046443
