"subjID","A","alpha","beta","gamma","tau","nLL"
23,0,0,0.0304749606503441,1,7.88249311051669,188.473166184947
