"subjID","A","alpha","beta","gamma","tau","nLL"
3,0,0,0.0067379469990863,1,17.9291793428697,268.299693975749
