"subjID","A","alpha","beta","gamma","tau","nLL"
69,1,1,0.00673794699909181,1,6.54093114896773,187.540223885488
