"subjID","A","alpha","beta","gamma","tau","nLL"
7,0,0,0.995088913435662,1,12.9967622752324,236.985462384427
