"subjID","A","alpha","beta","gamma","tau","nLL"
48,0,0,0.643406258869918,1,10.3780390139736,233.501770462459
