"subjID","A","alpha","beta","gamma","tau","nLL"
41,0,0,0.0703456914450898,1,4.38326173188894,140.153635172647
