"subjID","A","alpha","beta","gamma","tau","nLL"
88,1,1,0.00673794699910834,1,5.90265855032689,186.536968006527
