"subjID","A","alpha","beta","gamma","tau","nLL"
27,0,0,0.461140958268918,1,9.6355511198618,231.450783784043
