"subjID","A","alpha","beta","gamma","tau","nLL"
98,1,1,0.00673794699909246,1,6.29774928908865,185.244983661381
