"subjID","A","alpha","beta","gamma","tau","nLL"
106,1,1,0.782653656171407,1,5.04012216286283,179.0730467187
