"subjID","A","alpha","beta","gamma","tau","nLL"
72,1,1,0.852102884259813,1,4.64615232941328,183.751689889704
