"subjID","A","alpha","beta","gamma","tau","nLL"
32,0,0,0.249348633617969,1,6.09764164177052,217.983700705782
