"subjID","A","alpha","beta","gamma","tau","nLL"
92,1,1,0.558374152452281,1,9.05790132301817,228.107640813639
