"subjID","A","alpha","beta","gamma","tau","nLL"
49,0,0,0.310212429501141,1,6.80461430750505,215.916843668993
