"subjID","A","alpha","beta","gamma","tau","nLL"
39,0,0,0.281021409270011,1,5.34155330765453,176.65834564947
