"subjID","A","alpha","beta","gamma","tau","nLL"
28,0,0,0.0272409212260242,1,8.31692067679697,226.775750157133
