"subjID","A","alpha","beta","gamma","tau","nLL"
96,1,1,7.12949298923105,1,54.5981500331436,280.63761425459
