"subjID","A","alpha","beta","gamma","tau","nLL"
12,0,0,0.156256085444617,1,12.5008968180549,256.208946419512
