"subjID","A","alpha","beta","gamma","tau","nLL"
53,1,1,0.00673794699909126,1,18.5670350501281,272.998442655012
