"subjID","A","alpha","beta","gamma","tau","nLL"
11,0,0,0.0182200021157337,1,6.84229707407641,201.831082890174
