"subjID","A","alpha","beta","gamma","tau","nLL"
90,1,1,1.01605089825379,1,4.46444592216564,171.947291433743
