"subjID","A","alpha","beta","gamma","tau","nLL"
44,0,0,0.454880495709523,1,5.59570424533699,189.866140902037
