"subjID","A","alpha","beta","gamma","tau","nLL"
36,0,0,1.65126471004669,1,14.0625288919496,231.930987617549
