"subjID","A","alpha","beta","gamma","tau","nLL"
58,1,0.140474109916791,0.00673998215609577,0.662043259797757,2.63944501254113,137.209440123288
