"subjID","A","alpha","beta","gamma","tau","nLL"
107,1,0.00674451218392993,0.289448687413335,1.28626262986142,10.5976996694675,230.056560030158
