"subjID","A","alpha","beta","gamma","tau","nLL"
59,1,4.60401485595529,0.00673824310968278,0.0223234973285637,8.6334138211948,279.503614425053
