"subjID","A","alpha","beta","gamma","tau","nLL"
62,1,0.559694649032794,0.60526517809012,0.412809544811326,1.37433053353543,133.965411727052
