"subjID","A","alpha","beta","gamma","tau","nLL"
32,0,0.172775472914686,0.431091613048892,1.16178669823736,7.2104146391331,206.538119358633
