"subjID","A","alpha","beta","gamma","tau","nLL"
97,1,0.00673797051649579,0.350513130573559,0.712528799360443,2.23596170358615,181.099970687839
