"subjID","A","alpha","beta","gamma","tau","nLL"
27,0,0.134211461995267,0.652887856800632,0.91715681776318,8.84068553022897,228.994770922932
