"subjID","A","alpha","beta","gamma","tau","nLL"
96,1,27.280022889532,2.42810728318801,0.00673988817538619,4.96893240064855,278.994219601266
