"subjID","A","alpha","beta","gamma","tau","nLL"
98,1,0.486824640540862,0.0289380184401143,1.86437893730125,9.38852762142571,175.593260110575
