"subjID","A","alpha","beta","gamma","tau","nLL"
25,0,0.214251842503686,0.968913995614081,0.3500360850936,3.30165703824574,179.529474037468
