"subjID","A","alpha","beta","gamma","tau","nLL"
16,0,0.0359661172449097,0.312709094449678,0.947490275549957,5.71803247099598,188.798236185655
