"subjID","A","alpha","beta","gamma","tau","nLL"
54,1,0.509119039277764,0.0263279827178334,0.878382199733957,2.6694643975583,100.938607064485
