"subjID","A","alpha","beta","gamma","tau","nLL"
13,0,0.131469633883509,0.16333918898399,1.13312588598115,8.32623651633811,204.354083612223
