"subjID","A","alpha","beta","gamma","tau","nLL"
47,0,0.0711586914198317,0.111993172554881,1.26031625300115,8.73372388018829,208.9985681011
