"subjID","A","alpha","beta","gamma","tau","nLL"
35,0,0.0630433248599538,0.175574864759548,1.04997031947379,3.90647581892158,148.64375375736
