"subjID","A","alpha","beta","gamma","tau","nLL"
19,0,0.0848587727941489,0.063858737215146,1.32547542648868,9.21131738629895,214.090452852273
