"subjID","A","alpha","beta","gamma","tau","nLL"
86,1,0.00673972270877128,0.392233826769026,1.40153353071994,16.629557297903,263.675293277892
