"subjID","A","alpha","beta","gamma","tau","nLL"
64,1,0.403595483632103,0.23657589529631,0.927050335867171,3.72291004943522,153.279310123562
