"subjID","A","alpha","beta","gamma","tau","nLL"
51,1,0.264312083065386,0.745162542238248,0.659986229640537,2.35943464583048,161.399981419775
