"subjID","A","alpha","beta","gamma","tau","nLL"
48,0,0.166512136235153,0.672437770374356,1.01799816847453,11.2003751536896,229.909186907679
