"subjID","A","alpha","beta","gamma","tau","nLL"
42,0,0.179103412230361,0.0108432390665385,1.88540320796014,34.0133661809364,260.731301505616
