"subjID","A","alpha","beta","gamma","tau","nLL"
41,0,0.0641893699977798,0.0276894522500566,1.13204351066952,5.94758128273696,125.543261465411
