"subjID","A","alpha","beta","gamma","tau","nLL"
100,1,0.340711977683677,6.64912558812194,1.35691377281972,37.8672669849509,238.149063203377
