"subjID","A","alpha","beta","gamma","tau","nLL"
21,0,0.0161180411849442,0.00673797452416003,1.08085861403306,7.41903285140018,193.296799298651
