"subjID","A","alpha","beta","gamma","tau","nLL"
56,1,0.641095884630595,0.424289055685572,0.843930050347963,2.73553345486165,147.351840779712
