"subjID","A","alpha","beta","gamma","tau","nLL"
89,1,0.064488779246209,0.328317279922815,1.80277799417889,3.40478996410778,112.209983404464
