"subjID","A","alpha","beta","gamma","tau","nLL"
75,1,0.0413614324335798,0.249849887982702,1.21675026025747,3.8526821642868,163.439525995801
