"subjID","A","alpha","beta","gamma","tau","nLL"
68,1,0.265700540879388,0.631077558146789,0.617325643872892,2.38964187926963,149.76652601351
