"subjID","A","alpha","beta","gamma","tau","nLL"
40,0,0.206555324415112,1.59352750607072,1.1603197140335,17.2376504674156,252.371430940413
