"subjID","A","alpha","beta","gamma","tau","nLL"
50,0,0.178966260960192,0.523076143372268,0.646471581088631,3.58145066661679,177.520862383581
