"subjID","A","alpha","beta","gamma","tau","nLL"
66,1,0.440413850100512,0.422037700215279,1.78682881467402,6.29792489437788,163.829904288155
