"subjID","A","alpha","beta","gamma","tau","nLL"
105,1,0.365401204851,0.26173554133767,1.36679846958423,6.85208213561487,155.798254075328
