"subjID","A","alpha","beta","gamma","tau","nLL"
88,1,0.00674256465121336,0.0385665131088697,0.71417764305349,2.39837045609084,143.823669814336
