"subjID","A","alpha","beta","gamma","tau","nLL"
60,1,0.15330464890842,0.294202133435756,1.47315835625361,5.52253965012238,135.637733894133
