"subjID","A","alpha","beta","gamma","tau","nLL"
70,1,0.00673819347182711,0.794476124428236,0.300631499706183,1.03334526066929,177.697166030663
