"subjID","A","alpha","beta","gamma","tau","nLL"
52,1,0.234394521042266,0.226168985664919,0.987772010223941,1.50335278035308,110.349476348262
