"subjID","A","alpha","beta","gamma","tau","nLL"
80,1,17.6667462956221,3.06382386428169,0.687680358103873,54.5981336101716,285.223640640025
