"subjID","A","alpha","beta","gamma","tau","nLL"
99,1,0.00673877562144284,0.952149748366218,0.220590348366909,1.09371735160971,171.516003084666
