"subjID","A","alpha","beta","gamma","tau","nLL"
4,0,0.0688456574091369,0.113014695197206,1.11242238968522,6.86487147031547,175.546972257374
