"subjID","A","alpha","beta","gamma","tau","nLL"
101,1,6.12582563880881,2.32537258700769,0.0498097457098714,8.67027008118627,283.725587450993
