"subjID","A","alpha","beta","gamma","tau","nLL"
39,0,0.00673802428341393,0.333387312119215,0.931749227206014,5.0190634038256,169.626753411486
