"subjID","A","alpha","beta","gamma","tau","nLL"
95,1,0.403226494723139,0.00673852140323404,1.16856824419537,5.2956990400188,119.229507276082
