"subjID","A","alpha","beta","gamma","tau","nLL"
46,0,0.00673984270036633,4.57152346989204,1.18549737192287,48.9981486146817,245.599474431575
