"subjID","A","alpha","beta","gamma","tau","nLL"
57,1,0.28793177262955,0.670215616615706,0.890364992341824,3.04955268842932,179.244018444864
