"subjID","A","alpha","beta","gamma","tau","nLL"
83,1,0.129476496186454,0.0443991233923041,0.574737453401447,9.61545853678724,258.974581815856
