"subjID","A","alpha","beta","gamma","tau","nLL"
33,0,0.029312151477663,0.667565154021858,1.44894785320441,6.54829132949306,193.575175661326
