"subjID","A","alpha","beta","gamma","tau","nLL"
23,0,0.127530940773785,0.309658526107333,1.25820980907212,8.48507597467694,174.752248055324
