"subjID","A","alpha","beta","gamma","tau","nLL"
67,1,0.257292914758338,0.632344460990629,0.643790063411571,1.89817926313872,159.299426033499
