"subjID","A","alpha","beta","gamma","tau","nLL"
28,0,0.0532464527541021,0.00673796178546525,0.979948832628786,9.64541524519105,220.55486739785
