"subjID","A","alpha","beta","gamma","tau","nLL"
71,1,0.321951632727373,0.699433660509743,1.14804051970326,5.65964284160296,200.611479337137
