"subjID","A","alpha","beta","gamma","tau","nLL"
38,0,0.0277114175323208,0.419999741598792,1.10385428345128,8.42179900777566,226.388897729968
