"subjID","A","alpha","beta","gamma","tau","nLL"
45,0,0.0498959208454335,0.22153488174931,1.57856638840282,7.79427238521279,150.839389780325
