"subjID","A","alpha","beta","gamma","tau","nLL"
17,0,0.0343392465178819,0.0943823266214802,1.07108676502038,5.81632985308247,138.860724637852
