"subjID","A","alpha","beta","gamma","tau","nLL"
79,1,0.105762732012487,0.220521425243167,0.609564489785914,0.728889539737168,79.7066456322927
