"subjID","A","alpha","beta","gamma","tau","nLL"
106,1,0.169306218340619,0.354645855994189,1.05114499749811,4.73181571161608,169.84450375605
