"subjID","A","alpha","beta","gamma","tau","nLL"
92,1,0.426623599744757,0.781050853647234,0.52251614647286,3.23203273713073,206.511447716719
