"subjID","A","alpha","beta","gamma","tau","nLL"
3,0,0.198493517779457,0.0295419777822811,2.25618830293574,30.2731045446696,208.985138938756
