"subjID","A","alpha","beta","gamma","tau","nLL"
72,1,0.0728979667367365,0.443376926299986,0.733179272355616,2.93928702171408,185.559245244913
