"subjID","A","alpha","beta","gamma","tau","nLL"
82,1,0.372252667612985,0.726915771438343,1.17880302857004,2.6052837734974,120.354599311498
