"subjID","A","alpha","beta","gamma","tau","nLL"
15,0,0.0114605866407833,0.162505573286792,0.910928857473222,5.18146002264025,187.165044802037
