"subjID","A","alpha","beta","gamma","tau","nLL"
26,0,0.0665958719534315,0.0555072132672824,0.789241969240676,7.07114646409581,233.384398464695
