"subjID","A","alpha","beta","gamma","tau","nLL"
9,0,0.0420466625911163,0.124074196605891,1.57390390078198,6.13534607084615,169.44526710652
