"subjID","A","alpha","beta","gamma","tau","nLL"
29,0,0.175313475565962,0.27613507215182,1.12200781677675,6.73321744035768,183.010428253458
