"subjID","A","alpha","beta","gamma","tau","nLL"
37,0,0.183794684761603,0.286243638691159,1.0974928234542,4.75898312342191,168.601964518737
