"subjID","A","alpha","beta","gamma","tau","nLL"
1,0,0.185522226812344,0.0363359242984811,1.1686942653641,12.7472006412464,236.098652340322
