"subjID","A","alpha","beta","gamma","tau","nLL"
73,1,0.114133870868517,0.722655767901566,0.769008744120087,1.82089487083228,156.335435833282
