"subjID","A","alpha","beta","gamma","tau","nLL"
93,1,0.209919267562116,0.456611177534017,1.09409578180217,3.91792302559276,171.638482176854
