"subjID","A","alpha","beta","gamma","tau","nLL"
77,1,0.410708473416581,1.00631064079332,1.65603901306976,8.25543030955836,204.184643708608
