"subjID","A","alpha","beta","gamma","tau","nLL"
49,0,0.00673819407367256,0.350736779045436,1.08948419789543,7.69821440560428,219.655018256601
