"subjID","A","alpha","beta","gamma","tau","nLL"
43,0,0.0854788888712613,0.0067380073326805,1.07513931251162,12.488972433623,229.067795922019
