"subjID","A","alpha","beta","gamma","tau","nLL"
103,1,0.32823148142174,0.108742196318635,1.19826221797163,3.02161038271625,93.8599947174912
