"subjID","A","alpha","beta","gamma","tau","nLL"
7,0,0.0301769408663254,0.957855993076122,1.02853860079895,9.98120013224841,228.900154982278
