"subjID","A","alpha","beta","gamma","tau","nLL"
24,0,0.00674042157618753,0.110804221627958,1.21288346107337,6.4318089262626,173.305079517467
