"subjID","A","alpha","beta","gamma","tau","nLL"
34,0,0.180220627995584,0.00673983798784349,1.29998080828242,4.65844700852186,155.405288978666
