"subjID","A","alpha","beta","gamma","tau","nLL"
11,0,0.0906712677763521,0.00673794814836683,0.897746855693062,5.51228476712153,206.088125238375
