"subjID","A","alpha","beta","gamma","tau","nLL"
18,0,0.00673813325130728,0.314792811912122,1.21976446190558,9.30438051271092,214.74249729569
