"subjID","A","alpha","beta","gamma","tau","nLL"
74,1,0.259272020706098,0.577252404981651,1.0944517112823,3.43355394608418,171.450547538092
