"subjID","A","alpha","beta","gamma","tau","nLL"
2,0,0.36309358276553,1.10832180971794,0.478307297155347,4.8070070768177,217.365789637745
