"subjID","A","alpha","beta","gamma","tau","nLL"
8,0,0.179051583404681,0.105851878750517,0.872176268486663,8.69132272400445,244.639144257614
