"subjID","A","alpha","beta","gamma","tau","nLL"
5,0,0.00675144337258573,0.242991835760334,1.50170089840952,6.02813836981686,168.167339002867
