"subjID","A","alpha","beta","gamma","tau","nLL"
84,1,0.280829469827105,0.771222396734331,1.67612995450347,4.89038870457033,160.085146798741
