"subjID","A","alpha","beta","gamma","tau","nLL"
85,1,0.556667381110624,0.538310607544361,0.657551586812609,1.61719305702747,145.50398432082
