"subjID","A","alpha","beta","gamma","tau","nLL"
30,0,0.00673829729444291,0.00673836169426452,0.871057467868862,5.88106354033113,196.835716909437
