"subjID","A","alpha","beta","gamma","tau","nLL"
94,1,0.257902983436832,0.213368704891272,1.45272136921947,15.9814965447179,255.17835235947
