"subjID","A","alpha","beta","gamma","tau","nLL"
76,1,0.340302835949124,0.446273566084195,0.669328803408372,2.83385318421276,148.437641621397
