"subjID","A","alpha","beta","gamma","tau","nLL"
87,1,0.196335029082119,0.722414696085991,0.74577678574556,3.16551965606988,190.227442732991
