"subjID","A","alpha","beta","gamma","tau","nLL"
55,1,0.142324180966289,0.247974204360233,1.45465042937619,2.64278449928906,86.7683953320438
