"subjID","A","alpha","beta","gamma","tau","nLL"
78,1,0.180813099447168,0.803065536007279,1.19954941579293,3.58415049072161,193.94182177873
