"subjID","A","alpha","beta","gamma","tau","nLL"
22,0,0.174374329999252,0.337588964764046,1.07176201174625,10.24136389259,248.994603581957
