"subjID","A","alpha","beta","gamma","tau","nLL"
12,0,0.00675867194952256,0.387182104424906,2.05076224524156,22.8159646380445,229.269199027131
