"subjID","A","alpha","beta","gamma","tau","nLL"
69,1,0.149930316945946,0.294560745887354,0.948894285067633,2.9828685535039,150.911496382528
