"subjID","A","alpha","beta","gamma","tau","nLL"
53,1,0.115532011745378,0.0660348618619103,0.3501063347618,5.213133992787,245.215559139853
