"subjID","A","alpha","beta","gamma","tau","nLL"
90,1,0.573362139992094,0.907718356201541,0.899843899546523,3.82731018360269,174.518447168513
