"subjID","A","alpha","beta","gamma","tau","nLL"
61,1,0.979932356422621,0.753071568541485,0.774265941956364,2.97385046181146,179.395997493673
