"subjID","A","alpha","beta","gamma","tau","nLL"
63,1,0.0272054818318146,0.741886032385095,1.0381377822883,1.09335155758315,102.052624543257
