"subjID","A","alpha","beta","gamma","tau","nLL"
44,0,0.0329027037559022,0.480357907495032,1.11220163317096,5.565668822316,192.127772183539
