"subjID","A","alpha","beta","gamma","tau","nLL"
14,0,0.0853821703745252,0.265041668411168,0.782240802055608,6.82076253291786,230.792707034865
