"subjID","A","alpha","beta","gamma","tau","nLL"
6,0,0.0067380242021665,0.0892918563511843,0.848616397931077,1.96560167469738,93.8961651308909
