"subjID","A","alpha","beta","gamma","tau","nLL"
20,0,0.194888758190021,0.135050466977907,1.0945023176646,6.36328689285603,176.378248038387
