"subjID","A","alpha","beta","gamma","tau","nLL"
102,1,0.616489427789549,0.00673816348060985,0.564887405557389,6.41382636383239,248.376847730437
