"subjID","A","alpha","beta","gamma","tau","nLL"
81,1,0.195801827330569,0.699160254028931,0.970812758187849,2.5660840932355,153.111321616621
