"subjID","A","alpha","beta","gamma","tau","nLL"
65,1,0.0154512883574829,0.418841946611823,2.61888123553057,6.22482610953106,162.502772450689
