"subjID","A","alpha","beta","gamma","tau","nLL"
31,0,0.101156512932251,0.589696558825284,1.75088249124346,10.9428422807654,227.712074171843
