"subjID","A","alpha","beta","gamma","tau","nLL"
10,0,0.0850477291408084,1.2259850866603,1.08409268465793,10.9699692647109,220.001797204279
