"subjID","A","alpha","beta","gamma","tau","nLL"
36,0,0.00673812230990761,1.79840067630202,1.55411869149513,16.4743319971274,220.723173631204
