"subjID","A","alpha","beta","gamma","tau","nLL"
91,1,0.00675138620936833,0.00673922263226188,0.635066801640347,1.73174199127784,84.3233708664604
