"subjID","A","alpha","beta","gamma","tau","nLL"
52,1,0.217993128743117,0.232376660420373,1.05579539059414,1.63957838831189,123.323203579255
