"subjID","A","alpha","beta","gamma","tau","nLL"
77,1,0.551822440577288,0.876492889562646,1.53211429670759,8.91565470124443,207.517466145358
