"subjID","A","alpha","beta","gamma","tau","nLL"
103,1,0.359823383186959,0.0767113007544244,1.20248056565542,2.64947883041867,117.347938025181
