"subjID","A","alpha","beta","gamma","tau","nLL"
23,0,0.0933929533842926,0.199783464873559,1.28793767172219,9.21519952424725,182.222243861029
