"subjID","A","alpha","beta","gamma","tau","nLL"
34,0,0.0913215590283186,0.0264051767360121,1.33159906314301,4.51613221632936,111.372811035589
