"subjID","A","alpha","beta","gamma","tau","nLL"
16,0,0.0178846497802702,0.310907865890512,0.941984677894324,5.8773408738366,188.917680184016
