"subjID","A","alpha","beta","gamma","tau","nLL"
10,0,0.165160719409359,1.28015545967657,1.16097103526886,13.2846730537727,228.36774922071
