"subjID","A","alpha","beta","gamma","tau","nLL"
9,0,0.00675383733092471,0.135993973526093,1.21258334993006,5.3052234648484,142.956561734456
