"subjID","A","alpha","beta","gamma","tau","nLL"
106,1,0.190453805853022,0.293502156994356,0.924585441345832,4.55592044476788,166.607555307551
