"subjID","A","alpha","beta","gamma","tau","nLL"
102,1,0.647064157656049,0.00673805984266732,0.697084789944196,7.31631202494687,249.856400216021
