"subjID","A","alpha","beta","gamma","tau","nLL"
61,1,0.895103235891201,0.604663699773248,0.860993233284103,3.61178738660022,163.936931940637
