"subjID","A","alpha","beta","gamma","tau","nLL"
7,0,0.0604534695955425,1.08140535864393,1.2307895455667,14.0505874366885,234.40988161315
