"subjID","A","alpha","beta","gamma","tau","nLL"
4,0,0.00673828286951919,0.0456499466391885,1.25939434224152,7.45881534179116,176.296428059041
