"subjID","A","alpha","beta","gamma","tau","nLL"
22,0,0.120023931827623,0.260218620190491,1.08937423625176,9.62461498634603,245.32009555987
