"subjID","A","alpha","beta","gamma","tau","nLL"
35,0,0.00673832903674034,0.11130280927714,0.997128687777822,4.74606995386245,185.996305198788
