"subjID","A","alpha","beta","gamma","tau","nLL"
107,1,0.00673802501718836,0.196187624309261,0.865036097135581,7.51803747327167,236.675473524166
