"subjID","A","alpha","beta","gamma","tau","nLL"
63,1,0.00673978907591002,0.7218157288815,1.16273088044578,1.23823850065261,75.9791422222641
