"subjID","A","alpha","beta","gamma","tau","nLL"
36,0,0.00673879258606572,1.42973001541596,1.42192567549955,15.6576243807288,228.335184538988
