"subjID","A","alpha","beta","gamma","tau","nLL"
41,0,0.0903265253947335,0.0855319917151929,1.1297563207286,5.09403289256912,138.410485721399
