"subjID","A","alpha","beta","gamma","tau","nLL"
81,1,0.246116984472102,0.680651973245555,0.870696214199865,2.29274509776988,142.322115780687
