"subjID","A","alpha","beta","gamma","tau","nLL"
12,0,0.035509247895032,0.285491469550402,1.57198852031884,16.8150629819341,244.308848030419
