"subjID","A","alpha","beta","gamma","tau","nLL"
18,0,0.116295132087424,0.356423172821102,1.13741267900168,12.2741403858275,245.77357413753
