"subjID","A","alpha","beta","gamma","tau","nLL"
31,0,0.00673884627608715,0.307640206909216,1.33571772522509,9.35379864005602,232.544764256713
