"subjID","A","alpha","beta","gamma","tau","nLL"
1,0,0.131817032690477,0.00673824379291911,1.20605123903046,11.9049157522938,226.255704315375
