"subjID","A","alpha","beta","gamma","tau","nLL"
79,1,0.153911629333351,0.239816560614372,0.580041857041275,0.76919483121791,86.8706116298276
