"subjID","A","alpha","beta","gamma","tau","nLL"
13,0,0.0350070737960755,0.00683222349502713,1.21528772654849,9.59062484877385,216.072952856463
