"subjID","A","alpha","beta","gamma","tau","nLL"
43,0,0.0178317146441427,0.00673801631308953,0.995002321900719,10.6312705007673,226.603700574926
