"subjID","A","alpha","beta","gamma","tau","nLL"
50,0,0.0371139376112085,0.421268764284654,0.673729433643399,4.3120552948374,186.211870398874
