"subjID","A","alpha","beta","gamma","tau","nLL"
62,1,0.513380645696209,0.511500251924103,0.383704259253385,1.25468484914943,125.439701810478
