"subjID","A","alpha","beta","gamma","tau","nLL"
6,0,0.00673794952591378,0.106370232885145,0.865195943949078,2.23740656779002,90.8317804593426
