"subjID","A","alpha","beta","gamma","tau","nLL"
14,0,0.0416228159905009,0.266934287919345,0.682385380368453,6.43401954455,237.177200917167
