"subjID","A","alpha","beta","gamma","tau","nLL"
39,0,0.0296722580869514,0.308692391475046,1.01298962886342,5.40811878911007,176.443102996409
