"subjID","A","alpha","beta","gamma","tau","nLL"
71,1,0.32210001365601,0.773657762723992,1.15748496334896,5.64265492000407,186.255404922445
