"subjID","A","alpha","beta","gamma","tau","nLL"
73,1,0.0951682801131455,0.699720415900145,0.924768133749022,2.00917277179706,142.84295952662
