"subjID","A","alpha","beta","gamma","tau","nLL"
83,1,0.00673895580724922,0.0067383265924856,0.723120647217021,11.3093048934103,260.694399925147
