"subjID","A","alpha","beta","gamma","tau","nLL"
32,0,0.0523827653860003,0.322464300651156,1.11886279069675,6.67623860838788,215.342558849426
