"subjID","A","alpha","beta","gamma","tau","nLL"
66,1,0.333741471132006,0.352926780364147,1.77915278136657,6.82423925238838,185.155553391914
