"subjID","A","alpha","beta","gamma","tau","nLL"
44,0,0.00673799117208262,0.46238556210372,1.09623073772363,6.0197133294253,189.582340448943
