"subjID","A","alpha","beta","gamma","tau","nLL"
21,0,0.0491909905636241,0.00673795229613054,1.0344018363826,6.9790083636912,206.086347862255
