"subjID","A","alpha","beta","gamma","tau","nLL"
19,0,0.0432752343584108,0.159679977720985,1.41375756731378,8.25530642836991,187.051776826792
