"subjID","A","alpha","beta","gamma","tau","nLL"
90,1,0.715894685156908,0.946274288501174,0.854649882094911,3.62334701613445,168.981520997295
