"subjID","A","alpha","beta","gamma","tau","nLL"
82,1,0.327049439869704,0.672061736567818,1.33883628397183,3.13710884362042,121.168048146197
