"subjID","A","alpha","beta","gamma","tau","nLL"
60,1,0.176723514819562,0.350160975999089,1.60745554325838,5.3548023592746,148.656964657424
