"subjID","A","alpha","beta","gamma","tau","nLL"
70,1,0.0411920482911222,0.775390794446217,0.284642175220471,1.5687339603649,184.010025888433
