"subjID","A","alpha","beta","gamma","tau","nLL"
40,0,0.0657143329810318,1.09673959180934,1.26034583838978,22.6898699376353,266.948720298573
