"subjID","A","alpha","beta","gamma","tau","nLL"
25,0,0.350176561396603,0.995603456215408,0.399057635316362,4.33804773368164,197.168979718217
