"subjID","A","alpha","beta","gamma","tau","nLL"
67,1,0.169513413944925,0.548091658003278,0.6341834040164,2.26307233118415,171.897171967965
