"subjID","A","alpha","beta","gamma","tau","nLL"
76,1,0.38422420937002,0.460528792901015,0.879837812721536,2.96736016080143,123.240637064575
