"subjID","A","alpha","beta","gamma","tau","nLL"
74,1,0.2634589323426,0.588404685808104,1.06326633721423,3.01575391377012,135.336634256321
