"subjID","A","alpha","beta","gamma","tau","nLL"
72,1,0.0633411767813538,0.393634032813921,0.659463338199839,2.31261906932457,161.441651825924
