"subjID","A","alpha","beta","gamma","tau","nLL"
28,0,0.0437965183918569,0.00826252677673638,1.02504713798949,8.52337455275327,226.521172572815
