"subjID","A","alpha","beta","gamma","tau","nLL"
85,1,0.453063546321253,0.483320575938574,0.858235423173897,2.30352557768843,161.770252648974
