"subjID","A","alpha","beta","gamma","tau","nLL"
87,1,0.227707561832085,0.720118361390582,0.820378319752396,3.42026837135452,189.243682533419
