"subjID","A","alpha","beta","gamma","tau","nLL"
55,1,0.130885484042352,0.260589869792757,1.95458687696008,3.50657278250621,75.1375467724678
