"subjID","A","alpha","beta","gamma","tau","nLL"
11,0,0.163991095442299,0.0416770573960612,0.938861386095045,6.14626866007801,200.908543376629
