"subjID","A","alpha","beta","gamma","tau","nLL"
45,0,0.0425797172495806,0.121609895503128,1.66357688190637,9.67658958376843,154.454355859963
