"subjID","A","alpha","beta","gamma","tau","nLL"
24,0,0.0498299648789851,0.00673800654867875,1.25125323682571,7.82762436312268,201.279106535419
