"subjID","A","alpha","beta","gamma","tau","nLL"
98,1,0.49016704844785,0.0350903405000353,1.56280096123488,8.60051939244071,170.798100114799
