"subjID","A","alpha","beta","gamma","tau","nLL"
15,0,0.00673820677578757,0.192240407786131,0.946137420628964,5.26536902955926,186.163058436565
