"subjID","A","alpha","beta","gamma","tau","nLL"
95,1,0.301457300218533,0.022007971209052,1.32433133261114,6.03909802521698,159.89178501884
