"subjID","A","alpha","beta","gamma","tau","nLL"
33,0,0.00673799083989944,0.70436277573359,1.52791713536722,8.66441712752465,217.625873444738
