"subjID","A","alpha","beta","gamma","tau","nLL"
30,0,0.006738594615117,0.0067379761150088,0.961867704261239,6.72109859258567,195.635233335995
