"subjID","A","alpha","beta","gamma","tau","nLL"
75,1,0.115369322024454,0.346618040911376,1.16730185176655,3.91182717870655,148.847511091718
