"subjID","A","alpha","beta","gamma","tau","nLL"
20,0,0.127957323189121,0.166142322853059,1.11180898403538,6.94021017950472,179.226259110244
