"subjID","A","alpha","beta","gamma","tau","nLL"
54,1,0.438225220189256,0.00673874297187808,0.870572813660728,3.09010102867385,155.003735116306
