"subjID","A","alpha","beta","gamma","tau","nLL"
89,1,0.0567657845877442,0.242479882189466,1.72109082687004,4.53653086674112,130.235961740106
