"subjID","A","alpha","beta","gamma","tau","nLL"
47,0,0.105396338483736,0.00673796065635996,1.41011142479142,12.3325910313647,211.342956391335
