"subjID","A","alpha","beta","gamma","tau","nLL"
80,1,54.598049719629,14.2238889677554,0.00675632453117058,54.5978166848078,286.014871521076
