"subjID","A","alpha","beta","gamma","tau","nLL"
99,1,0.00675077911220385,0.866325639522157,0.236860660762951,1.05233324872546,173.45178091313
