"subjID","A","alpha","beta","gamma","tau","nLL"
57,1,0.290213165277557,0.71533650773774,1.06200973254015,2.93629093392114,152.778015083721
