"subjID","A","alpha","beta","gamma","tau","nLL"
93,1,0.294128500342752,0.402640466079012,0.926497172797742,3.57541410459633,166.687947382136
