"subjID","A","alpha","beta","gamma","tau","nLL"
46,0,0.0067439704786572,4.00266687986886,1.3885184834862,54.5980535235122,256.564976694552
