"subjID","A","alpha","beta","gamma","tau","nLL"
69,1,0.0975836511056486,0.302698511406975,1.02594749487284,3.25293638217951,151.791440920424
