"subjID","A","alpha","beta","gamma","tau","nLL"
26,0,0.040108160966759,0.00673803749511993,0.783887886069151,7.91778239112787,238.698547209258
