"subjID","A","alpha","beta","gamma","tau","nLL"
5,0,0.0583936850846209,0.0538975600805223,1.25589515577483,5.65770428921946,157.141831924923
