"subjID","A","alpha","beta","gamma","tau","nLL"
2,0,0.278749798858405,0.652575335012362,0.678308149755509,5.99451344376534,222.972222703649
