"subjID","A","alpha","beta","gamma","tau","nLL"
100,1,0.220243928462151,4.49124446096583,1.99709947144642,54.5881541469194,248.188716916239
