"subjID","A","alpha","beta","gamma","tau","nLL"
29,0,0.21003444498097,0.227158213316834,1.12164506891438,7.04844704923766,177.444859379534
