"subjID","A","alpha","beta","gamma","tau","nLL"
94,1,0.37032154833985,0.453869611577976,1.52554881622738,15.2434241238364,245.702223246165
