"subjID","A","alpha","beta","gamma","tau","nLL"
58,1,0.370365728341739,0.00673823081918894,0.907710856247383,4.54750855447624,163.661191734901
