"subjID","A","alpha","beta","gamma","tau","nLL"
37,0,0.187827399563427,0.272242482133323,1.105943340621,5.70845468382965,181.552403960039
