"subjID","A","alpha","beta","gamma","tau","nLL"
92,1,0.347829648347201,0.737825183263296,0.458008830854437,3.16325237384013,214.901552975554
