"subjID","A","alpha","beta","gamma","tau","nLL"
56,1,0.589903373622903,0.418562944900688,0.963002369507048,2.94584897229618,143.969770256953
