"subjID","A","alpha","beta","gamma","tau","nLL"
38,0,0.00673797435115891,0.326111843005411,1.16159493649839,9.66394557758649,226.562847015367
