"subjID","A","alpha","beta","gamma","tau","nLL"
78,1,0.270037503301084,0.846291390560031,1.02476379933316,3.66154123927383,199.106656472184
