"subjID","A","alpha","beta","gamma","tau","nLL"
64,1,0.527982763243146,0.284136940863814,1.04800524054571,4.08016291202602,156.612053806779
