"subjID","A","alpha","beta","gamma","tau","nLL"
101,1,1.84856380259838,0.00674742067719965,0.00676648220071365,16.0459933170032,284.45974685799
