"subjID","A","alpha","beta","gamma","tau","nLL"
8,0,0.0307450415547909,0.104945861519981,0.96317495793274,8.29219022027175,232.621598302362
