"subjID","A","alpha","beta","gamma","tau","nLL"
88,1,0.0329687111639322,0.00673812665781584,0.772403920575608,2.39131616915595,132.784159618215
