"subjID","A","alpha","beta","gamma","tau","nLL"
3,0,0.168381323826401,0.00673826743429517,2.97546468007031,54.3307975608653,244.605198605419
