"subjID","A","alpha","beta","gamma","tau","nLL"
84,1,0.408143837764168,0.65321712976844,1.45344976283857,6.05448947810808,188.612397317217
