"subjID","A","alpha","beta","gamma","tau","nLL"
105,1,0.354093552779162,0.254500806205573,0.859584368725243,3.98700286234243,179.966843698308
