"subjID","A","alpha","beta","gamma","tau","nLL"
53,1,0.127280775713799,0.00673794752066484,0.317679588723858,5.42536001241957,253.083172676944
