"subjID","A","alpha","beta","gamma","tau","nLL"
65,1,0.0204430159377049,0.311484899057942,1.81436945932357,6.02520087378496,143.859667921921
