"subjID","A","alpha","beta","gamma","tau","nLL"
96,1,30.0333746739842,0.006741548561832,0.0067805416380001,4.65887826586797,280.555275099807
