"subjID","A","alpha","beta","gamma","tau","nLL"
27,0,0.00674797051156424,0.468302356512237,1.03041607287437,9.87351939382742,231.386444346044
