"subjID","A","alpha","beta","gamma","tau","nLL"
48,0,0.10719303648837,0.762284501659428,1.03177567111815,10.2587989589599,232.220510609592
