"subjID","A","alpha","beta","gamma","tau","nLL"
86,1,0.101325032303582,0.420836473504177,2.17953024014692,38.8773919145656,268.770389625593
