"subjID","A","alpha","beta","gamma","tau","nLL"
91,1,0.130409958765273,0.00762960556015846,0.836573096934119,2.3454852966372,115.48584027198
