"subjID","A","alpha","beta","gamma","tau","nLL"
68,1,0.283873084522861,0.738938321296022,0.739169375076473,2.51097201416124,147.660603068855
