"subjID","A","alpha","beta","gamma","tau","nLL"
49,0,0.00673995818951031,0.318072184426073,1.02232055402956,6.98771596860621,215.954636546211
