"subjID","A","alpha","beta","gamma","tau","nLL"
42,0,0.14998742555552,0.353509957552159,1.41517066783695,19.7646638683134,263.336349235217
