"subjID","A","alpha","beta","gamma","tau","nLL"
51,1,0.219141515327519,0.611544729408452,0.786855042364183,2.44799098674577,175.257938290036
