"subjID","A","alpha","beta","gamma","tau","nLL"
59,1,4.57562471498954,0.00673852485479691,0.118304872015686,9.15986817326394,278.439779377525
