"subjID","A","alpha","beta","gamma","tau","nLL"
97,1,0.00673967305372061,0.216442014447978,0.755722863227515,2.80979230814198,193.368762728845
