"subjID","A","alpha","beta","gamma","tau","nLL"
17,0,0.0753151535737096,0.00673799269376957,1.10006410521321,7.32667451378766,187.440547983383
