"H","B","A","alpha","beta","gamma","tau","nLL"
3,2,0,0.272490120312929,0.0496722213092,1.07366788454752,6.19547631498049,691.884354818829
