"H","B","A","alpha","beta","gamma","tau","nLL"
2,3,0,0.00981737795867542,0.0264179135451265,0,3.21923763441756,498.797616328984
