"H","B","A","alpha","beta","gamma","tau","nLL"
3,2,1,0.543332985215109,0.0229804045485969,11.6183156821722,54.5659987609853,888.704244546149
