"H","B","A","alpha","beta","gamma","tau","nLL"
2,4,0,0.00673794700047843,0.0508576553201255,0,2.63690153895988,442.501274010883
