"H","B","A","alpha","beta","gamma","tau","nLL"
4,2,0,0.15877856079828,0.0104563714253598,1.11307596636588,15.00013911184,1245.24477263395
