"H","B","A","alpha","beta","gamma","tau","nLL"
4,3,0,0.137762881013177,0.00673794700125539,1.51853760099112,17.3566208830308,1904.14851844439
