"H","B","A","alpha","beta","gamma","tau","nLL"
4,4,1,0.297558709308647,0.00673866008781434,1.5021188065786,13.7408953484486,2423.80466121686
