"H","B","A","alpha","beta","gamma","tau","nLL"
4,2,1,0.218363607938991,0.0116584319987038,1.48964918528571,13.957502490606,1198.71276378792
