"H","B","A","alpha","beta","gamma","tau","nLL"
2,2,1,0.741090489863637,0.0265665716701679,0,3.97574918923821,362.30911583001
