"H","B","A","alpha","beta","gamma","tau","nLL"
4,3,1,0.382973437852629,0.00673954142347159,2.51965996950071,36.127273006146,2047.14243911561
