"H","B","A","alpha","beta","gamma","tau","nLL"
3,3,1,0.190080855451759,0.0128539357554247,1.3088496554094,6.88819349665734,1380.5794466004
