"H","B","A","alpha","beta","gamma","tau","nLL"
4,4,0,0.0801183701479462,0.00673798364593841,1.27212547304862,11.8347284479056,2579.36264751901
