"H","B","A","alpha","beta","gamma","tau","nLL"
3,3,0,0.00673794703835484,0.012895870367071,1.48027340301822,11.4289132669858,1294.01293184219
