"H","B","A","alpha","beta","gamma","tau","nLL"
3,4,1,0.336383202610065,0.0126926001130459,2.550600846728,15.2884217393034,1814.37418561421
