"H","B","A","alpha","beta","gamma","tau","nLL"
2,3,1,0.0105158952803799,0.0293555514740477,0,4.3709893392378,574.071279806711
