"H","B","A","alpha","beta","gamma","tau","nLL"
3,4,0,13.9512349997325,0.00674033096325016,8.28726694540187,54.5968279846366,1913.05089281615
