"H","B","A","alpha","beta","gamma","tau","nLL"
2,4,1,0.089005381023655,0.0379406630993114,0,5.69383480086973,750.330222323526
