"H","B","A","alpha","beta","gamma","tau","nLL"
2,2,0,0.141986022992163,0.0253643703438484,0,3.46997211206423,286.272490246068
